2044,     ,Alameda (SF),LDA,Dsl,RUNEX,DSL,NH3,0.00109264226628
2044,     ,Alameda (SF),LDA,Gas,RUNEX,CAT,NH3,1.1849702333
2044,     ,Alameda (SF),LDT1,Dsl,RUNEX,DSL,NH3,1.20952242011e-06
2044,     ,Alameda (SF),LDT1,Gas,RUNEX,CAT,NH3,0.119369467616
2044,     ,Alameda (SF),LDT2,Dsl,RUNEX,DSL,NH3,0.000281074480024
2044,     ,Alameda (SF),LDT2,Gas,RUNEX,CAT,NH3,0.366332552417
2044,     ,Alameda (SF),LHD1,Dsl,RUNEX,DSL,NH3,0.123600107201
2044,     ,Alameda (SF),LHD1,Gas,RUNEX,CAT,NH3,0.0257039480866
2044,     ,Alameda (SF),LHD2,Dsl,RUNEX,DSL,NH3,0.048166975739
2044,     ,Alameda (SF),LHD2,Gas,RUNEX,CAT,NH3,0.00389326187576
2044,     ,Alameda (SF),MCY,Gas,RUNEX,CAT,NH3,0.00247820238914
2044,     ,Alameda (SF),MDV,Dsl,RUNEX,DSL,NH3,0.000613033036232
2044,     ,Alameda (SF),MDV,Gas,RUNEX,CAT,NH3,0.227792699845
2044,     ,Alameda (SF),MH,Dsl,RUNEX,DSL,NH3,0.00249468611854
2044,     ,Alameda (SF),MH,Gas,RUNEX,CAT,NH3,0.00120183184107
2044,     ,Alameda (SF),OBUS,Gas,RUNEX,CAT,NH3,0.00104298619143
2044,     ,Alameda (SF),SBUS,Gas,RUNEX,CAT,NH3,0.000721374352842
2044,     ,Alameda (SF),T6TS,Gas,RUNEX,CAT,NH3,0.0049629207954
2044,     ,Alameda (SF),T7IS,Gas,RUNEX,CAT,NH3,4.59258112251e-05
2044,     ,Alameda (SF),UBUS,Dsl,RUNEX,DSL,NH3,0.0140671561214
2044,     ,Alameda (SF),UBUS,Gas,RUNEX,CAT,NH3,2.60859537122e-05
2044,     ,Alameda (SF),UBUS,NG,RUNEX,DSL,NH3,0.0250611034457
2044,     ,Alpine (GBV),LDA,Dsl,RUNEX,DSL,NH3,4.89513223263e-06
2044,     ,Alpine (GBV),LDA,Gas,RUNEX,CAT,NH3,0.00531622382554
2044,     ,Alpine (GBV),LDT1,Dsl,RUNEX,DSL,NH3,5.88349244308e-09
2044,     ,Alpine (GBV),LDT1,Gas,RUNEX,CAT,NH3,0.000585399141953
2044,     ,Alpine (GBV),LDT2,Dsl,RUNEX,DSL,NH3,1.37212442035e-06
2044,     ,Alpine (GBV),LDT2,Gas,RUNEX,CAT,NH3,0.00177508105672
2044,     ,Alpine (GBV),LHD1,Dsl,RUNEX,DSL,NH3,0.000598172579624
2044,     ,Alpine (GBV),LHD1,Gas,RUNEX,CAT,NH3,0.000127485559031
2044,     ,Alpine (GBV),LHD2,Dsl,RUNEX,DSL,NH3,0.000240074848968
2044,     ,Alpine (GBV),LHD2,Gas,RUNEX,CAT,NH3,1.82141167554e-05
2044,     ,Alpine (GBV),MCY,Gas,RUNEX,CAT,NH3,1.0762151969e-05
2044,     ,Alpine (GBV),MDV,Dsl,RUNEX,DSL,NH3,2.94560604791e-06
2044,     ,Alpine (GBV),MDV,Gas,RUNEX,CAT,NH3,0.00110105066692
2044,     ,Alpine (GBV),MH,Dsl,RUNEX,DSL,NH3,1.28537984747e-05
2044,     ,Alpine (GBV),MH,Gas,RUNEX,CAT,NH3,5.72037175224e-06
2044,     ,Alpine (GBV),OBUS,Gas,RUNEX,CAT,NH3,4.46981769487e-06
2044,     ,Alpine (GBV),SBUS,Gas,RUNEX,CAT,NH3,3.27622799771e-06
2044,     ,Alpine (GBV),T6TS,Gas,RUNEX,CAT,NH3,2.59237243251e-05
2044,     ,Alpine (GBV),T7IS,Gas,RUNEX,CAT,NH3,2.40252860604e-07
2044,     ,Alpine (GBV),UBUS,Dsl,RUNEX,DSL,NH3,1.17095514089e-06
2044,     ,Alpine (GBV),UBUS,Gas,RUNEX,CAT,NH3,5.13108973766e-06
2044,     ,Amador (MC),LDA,Dsl,RUNEX,DSL,NH3,2.77786385136e-05
2044,     ,Amador (MC),LDA,Gas,RUNEX,CAT,NH3,0.0299495655081
2044,     ,Amador (MC),LDT1,Dsl,RUNEX,DSL,NH3,2.49614686766e-08
2044,     ,Amador (MC),LDT1,Gas,RUNEX,CAT,NH3,0.00256186715376
2044,     ,Amador (MC),LDT2,Dsl,RUNEX,DSL,NH3,6.90816176504e-06
2044,     ,Amador (MC),LDT2,Gas,RUNEX,CAT,NH3,0.00913565118776
2044,     ,Amador (MC),LHD1,Dsl,RUNEX,DSL,NH3,0.00242360779391
2044,     ,Amador (MC),LHD1,Gas,RUNEX,CAT,NH3,0.000770960044499
2044,     ,Amador (MC),LHD2,Dsl,RUNEX,DSL,NH3,0.000960174966207
2044,     ,Amador (MC),LHD2,Gas,RUNEX,CAT,NH3,7.12393901779e-05
2044,     ,Amador (MC),MCY,Gas,RUNEX,CAT,NH3,5.17846896641e-05
2044,     ,Amador (MC),MDV,Dsl,RUNEX,DSL,NH3,1.48637864062e-05
2044,     ,Amador (MC),MDV,Gas,RUNEX,CAT,NH3,0.00544798599651
2044,     ,Amador (MC),MH,Dsl,RUNEX,DSL,NH3,5.19539294389e-05
2044,     ,Amador (MC),MH,Gas,RUNEX,CAT,NH3,2.32701855039e-05
2044,     ,Amador (MC),OBUS,Gas,RUNEX,CAT,NH3,1.86474274521e-05
2044,     ,Amador (MC),SBUS,Gas,RUNEX,CAT,NH3,1.25172001855e-05
2044,     ,Amador (MC),T6TS,Gas,RUNEX,CAT,NH3,0.000143602019015
2044,     ,Amador (MC),T7IS,Gas,RUNEX,CAT,NH3,1.78224741395e-06
2044,     ,Amador (MC),UBUS,Dsl,RUNEX,DSL,NH3,9.29757881651e-05
2044,     ,Amador (MC),UBUS,Gas,RUNEX,CAT,NH3,1.77034155605e-05
2044,     ,Butte (SV),LDA,Dsl,RUNEX,DSL,NH3,0.000162205067588
2044,     ,Butte (SV),LDA,Gas,RUNEX,CAT,NH3,0.175536070603
2044,     ,Butte (SV),LDT1,Dsl,RUNEX,DSL,NH3,1.56051865811e-07
2044,     ,Butte (SV),LDT1,Gas,RUNEX,CAT,NH3,0.0153953802497
2044,     ,Butte (SV),LDT2,Dsl,RUNEX,DSL,NH3,3.77119773515e-05
2044,     ,Butte (SV),LDT2,Gas,RUNEX,CAT,NH3,0.0494000918372
2044,     ,Butte (SV),LHD1,Dsl,RUNEX,DSL,NH3,0.0154453671666
2044,     ,Butte (SV),LHD1,Gas,RUNEX,CAT,NH3,0.00301334723647
2044,     ,Butte (SV),LHD2,Dsl,RUNEX,DSL,NH3,0.00599301606074
2044,     ,Butte (SV),LHD2,Gas,RUNEX,CAT,NH3,0.000457968274052
2044,     ,Butte (SV),MCY,Gas,RUNEX,CAT,NH3,0.000301112033659
2044,     ,Butte (SV),MDV,Dsl,RUNEX,DSL,NH3,8.36439773374e-05
2044,     ,Butte (SV),MDV,Gas,RUNEX,CAT,NH3,0.0308842250505
2044,     ,Butte (SV),MH,Dsl,RUNEX,DSL,NH3,0.000309654895613
2044,     ,Butte (SV),MH,Gas,RUNEX,CAT,NH3,0.0001427738231
2044,     ,Butte (SV),OBUS,Gas,RUNEX,CAT,NH3,0.00011799874053
2044,     ,Butte (SV),SBUS,Gas,RUNEX,CAT,NH3,8.03343229559e-05
2044,     ,Butte (SV),T6TS,Gas,RUNEX,CAT,NH3,0.000552543180309
2044,     ,Butte (SV),T7IS,Gas,RUNEX,CAT,NH3,5.10849235689e-06
2044,     ,Butte (SV),UBUS,Dsl,RUNEX,DSL,NH3,0.000336177468812
2044,     ,Butte (SV),UBUS,Gas,RUNEX,CAT,NH3,0.000113538457072
2044,     ,Butte (SV),UBUS,NG,RUNEX,DSL,NH3,0.00296447404316
2044,     ,Calaveras (MC),LDA,Dsl,RUNEX,DSL,NH3,3.26643513746e-05
2044,     ,Calaveras (MC),LDA,Gas,RUNEX,CAT,NH3,0.0350299983895
2044,     ,Calaveras (MC),LDT1,Dsl,RUNEX,DSL,NH3,3.23955420965e-08
2044,     ,Calaveras (MC),LDT1,Gas,RUNEX,CAT,NH3,0.00333341165415
2044,     ,Calaveras (MC),LDT2,Dsl,RUNEX,DSL,NH3,8.97573852401e-06
2044,     ,Calaveras (MC),LDT2,Gas,RUNEX,CAT,NH3,0.0118820810523
2044,     ,Calaveras (MC),LHD1,Dsl,RUNEX,DSL,NH3,0.00317920119344
2044,     ,Calaveras (MC),LHD1,Gas,RUNEX,CAT,NH3,0.00101339345869
2044,     ,Calaveras (MC),LHD2,Dsl,RUNEX,DSL,NH3,0.00125908209252
2044,     ,Calaveras (MC),LHD2,Gas,RUNEX,CAT,NH3,8.81209004081e-05
2044,     ,Calaveras (MC),MCY,Gas,RUNEX,CAT,NH3,6.06735159081e-05
2044,     ,Calaveras (MC),MDV,Dsl,RUNEX,DSL,NH3,1.93910827958e-05
2044,     ,Calaveras (MC),MDV,Gas,RUNEX,CAT,NH3,0.00708994193142
2044,     ,Calaveras (MC),MH,Dsl,RUNEX,DSL,NH3,6.65791577439e-05
2044,     ,Calaveras (MC),MH,Gas,RUNEX,CAT,NH3,3.04099271239e-05
2044,     ,Calaveras (MC),OBUS,Gas,RUNEX,CAT,NH3,2.07703295613e-05
2044,     ,Calaveras (MC),SBUS,Gas,RUNEX,CAT,NH3,1.45409316471e-05
2044,     ,Calaveras (MC),T6TS,Gas,RUNEX,CAT,NH3,0.000165706168929
2044,     ,Calaveras (MC),T7IS,Gas,RUNEX,CAT,NH3,1.48562346342e-06
2044,     ,Calaveras (MC),UBUS,Dsl,RUNEX,DSL,NH3,9.89357953834e-05
2044,     ,Calaveras (MC),UBUS,Gas,RUNEX,CAT,NH3,2.31304276134e-05
2044,     ,Colusa (SV),LDA,Dsl,RUNEX,DSL,NH3,5.78427315677e-05
2044,     ,Colusa (SV),LDA,Gas,RUNEX,CAT,NH3,0.0627713228551
2044,     ,Colusa (SV),LDT1,Dsl,RUNEX,DSL,NH3,6.30186089124e-08
2044,     ,Colusa (SV),LDT1,Gas,RUNEX,CAT,NH3,0.00625662128136
2044,     ,Colusa (SV),LDT2,Dsl,RUNEX,DSL,NH3,1.45048159249e-05
2044,     ,Colusa (SV),LDT2,Gas,RUNEX,CAT,NH3,0.0189982657532
2044,     ,Colusa (SV),LHD1,Dsl,RUNEX,DSL,NH3,0.00638953704615
2044,     ,Colusa (SV),LHD1,Gas,RUNEX,CAT,NH3,0.00122197661905
2044,     ,Colusa (SV),LHD2,Dsl,RUNEX,DSL,NH3,0.00249353623309
2044,     ,Colusa (SV),LHD2,Gas,RUNEX,CAT,NH3,0.00019281272336
2044,     ,Colusa (SV),MCY,Gas,RUNEX,CAT,NH3,0.000112709204651
2044,     ,Colusa (SV),MDV,Dsl,RUNEX,DSL,NH3,3.12405848397e-05
2044,     ,Colusa (SV),MDV,Gas,RUNEX,CAT,NH3,0.0115900828898
2044,     ,Colusa (SV),MH,Dsl,RUNEX,DSL,NH3,0.000127000425904
2044,     ,Colusa (SV),MH,Gas,RUNEX,CAT,NH3,5.93542365914e-05
2044,     ,Colusa (SV),OBUS,Gas,RUNEX,CAT,NH3,4.69052041568e-05
2044,     ,Colusa (SV),SBUS,Gas,RUNEX,CAT,NH3,3.36273003296e-05
2044,     ,Colusa (SV),T6TS,Gas,RUNEX,CAT,NH3,0.000250867036934
2044,     ,Colusa (SV),T7IS,Gas,RUNEX,CAT,NH3,2.31964217877e-06
2044,     ,Colusa (SV),UBUS,Dsl,RUNEX,DSL,NH3,3.02065044893e-05
2044,     ,Colusa (SV),UBUS,Gas,RUNEX,CAT,NH3,4.65053988221e-05
2044,     ,Contra Costa (SF),LDA,Dsl,RUNEX,DSL,NH3,0.000651358368113
2044,     ,Contra Costa (SF),LDA,Gas,RUNEX,CAT,NH3,0.706643619226
2044,     ,Contra Costa (SF),LDT1,Dsl,RUNEX,DSL,NH3,7.10445645696e-07
2044,     ,Contra Costa (SF),LDT1,Gas,RUNEX,CAT,NH3,0.0696883739281
2044,     ,Contra Costa (SF),LDT2,Dsl,RUNEX,DSL,NH3,0.000164314765954
2044,     ,Contra Costa (SF),LDT2,Gas,RUNEX,CAT,NH3,0.213808538309
2044,     ,Contra Costa (SF),LHD1,Dsl,RUNEX,DSL,NH3,0.0702800085687
2044,     ,Contra Costa (SF),LHD1,Gas,RUNEX,CAT,NH3,0.014514737099
2044,     ,Contra Costa (SF),LHD2,Dsl,RUNEX,DSL,NH3,0.0273637905023
2044,     ,Contra Costa (SF),LHD2,Gas,RUNEX,CAT,NH3,0.00217482400647
2044,     ,Contra Costa (SF),MCY,Gas,RUNEX,CAT,NH3,0.00140415394984
2044,     ,Contra Costa (SF),MDV,Dsl,RUNEX,DSL,NH3,0.00035522468009
2044,     ,Contra Costa (SF),MDV,Gas,RUNEX,CAT,NH3,0.132159867526
2044,     ,Contra Costa (SF),MH,Dsl,RUNEX,DSL,NH3,0.0014376453876
2044,     ,Contra Costa (SF),MH,Gas,RUNEX,CAT,NH3,0.000682635452037
2044,     ,Contra Costa (SF),OBUS,Gas,RUNEX,CAT,NH3,0.000583612208846
2044,     ,Contra Costa (SF),SBUS,Gas,RUNEX,CAT,NH3,0.000406737553883
2044,     ,Contra Costa (SF),T6TS,Gas,RUNEX,CAT,NH3,0.002795243797
2044,     ,Contra Costa (SF),T7IS,Gas,RUNEX,CAT,NH3,2.59147510188e-05
2044,     ,Contra Costa (SF),UBUS,Dsl,RUNEX,DSL,NH3,0.00410392637074
2044,     ,Contra Costa (SF),UBUS,Gas,RUNEX,CAT,NH3,0.000122970502227
2044,     ,Contra Costa (SF),UBUS,NG,RUNEX,DSL,NH3,0.00731128043388
2044,     ,Del Norte (NC),LDA,Dsl,RUNEX,DSL,NH3,2.1304499769e-05
2044,     ,Del Norte (NC),LDA,Gas,RUNEX,CAT,NH3,0.0229595638371
2044,     ,Del Norte (NC),LDT1,Dsl,RUNEX,DSL,NH3,2.26180477049e-08
2044,     ,Del Norte (NC),LDT1,Gas,RUNEX,CAT,NH3,0.00228857526414
2044,     ,Del Norte (NC),LDT2,Dsl,RUNEX,DSL,NH3,5.87361604914e-06
2044,     ,Del Norte (NC),LDT2,Gas,RUNEX,CAT,NH3,0.00780228490555
2044,     ,Del Norte (NC),LHD1,Dsl,RUNEX,DSL,NH3,0.00206487064715
2044,     ,Del Norte (NC),LHD1,Gas,RUNEX,CAT,NH3,0.000564259218738
2044,     ,Del Norte (NC),LHD2,Dsl,RUNEX,DSL,NH3,0.000838754733134
2044,     ,Del Norte (NC),LHD2,Gas,RUNEX,CAT,NH3,6.01575554525e-05
2044,     ,Del Norte (NC),MCY,Gas,RUNEX,CAT,NH3,4.02427163381e-05
2044,     ,Del Norte (NC),MDV,Dsl,RUNEX,DSL,NH3,1.31769245443e-05
2044,     ,Del Norte (NC),MDV,Gas,RUNEX,CAT,NH3,0.0047997543101
2044,     ,Del Norte (NC),MH,Dsl,RUNEX,DSL,NH3,4.06790198112e-05
2044,     ,Del Norte (NC),MH,Gas,RUNEX,CAT,NH3,1.9624097232e-05
2044,     ,Del Norte (NC),OBUS,Gas,RUNEX,CAT,NH3,1.57377875043e-05
2044,     ,Del Norte (NC),SBUS,Gas,RUNEX,CAT,NH3,1.04088871126e-05
2044,     ,Del Norte (NC),T6TS,Gas,RUNEX,CAT,NH3,9.9801553089e-05
2044,     ,Del Norte (NC),T7IS,Gas,RUNEX,CAT,NH3,8.98137085212e-07
2044,     ,Del Norte (NC),UBUS,Dsl,RUNEX,DSL,NH3,1.07330007003e-05
2044,     ,Del Norte (NC),UBUS,Gas,RUNEX,CAT,NH3,1.69641171827e-05
2044,     ,Del Norte (NC),UBUS,NG,RUNEX,DSL,NH3,2.62904310082e-05
2044,     ,El Dorado (LT),LDA,Dsl,RUNEX,DSL,NH3,2.64080242702e-05
2044,     ,El Dorado (LT),LDA,Gas,RUNEX,CAT,NH3,0.02866940122
2044,     ,El Dorado (LT),LDT1,Dsl,RUNEX,DSL,NH3,2.64832575517e-08
2044,     ,El Dorado (LT),LDT1,Gas,RUNEX,CAT,NH3,0.00244628618267
2044,     ,El Dorado (LT),LDT2,Dsl,RUNEX,DSL,NH3,6.69761859096e-06
2044,     ,El Dorado (LT),LDT2,Gas,RUNEX,CAT,NH3,0.00878750561254
2044,     ,El Dorado (LT),LHD1,Dsl,RUNEX,DSL,NH3,0.00222833913324
2044,     ,El Dorado (LT),LHD1,Gas,RUNEX,CAT,NH3,0.000758099101164
2044,     ,El Dorado (LT),LHD2,Dsl,RUNEX,DSL,NH3,0.000877430407921
2044,     ,El Dorado (LT),LHD2,Gas,RUNEX,CAT,NH3,6.8118048463e-05
2044,     ,El Dorado (LT),MCY,Gas,RUNEX,CAT,NH3,4.35539131923e-05
2044,     ,El Dorado (LT),MDV,Dsl,RUNEX,DSL,NH3,1.41603431137e-05
2044,     ,El Dorado (LT),MDV,Gas,RUNEX,CAT,NH3,0.00528254172516
2044,     ,El Dorado (LT),MH,Dsl,RUNEX,DSL,NH3,4.78789657041e-05
2044,     ,El Dorado (LT),MH,Gas,RUNEX,CAT,NH3,2.16300277685e-05
2044,     ,El Dorado (LT),OBUS,Gas,RUNEX,CAT,NH3,1.53569744615e-05
2044,     ,El Dorado (LT),SBUS,Gas,RUNEX,CAT,NH3,1.05737205873e-05
2044,     ,El Dorado (LT),T6TS,Gas,RUNEX,CAT,NH3,0.000121243145934
2044,     ,El Dorado (LT),T7IS,Gas,RUNEX,CAT,NH3,1.09093932409e-06
2044,     ,El Dorado (MC),LDA,Dsl,RUNEX,DSL,NH3,9.66333833156e-05
2044,     ,El Dorado (MC),LDA,Gas,RUNEX,CAT,NH3,0.104630474889
2044,     ,El Dorado (MC),LDT1,Dsl,RUNEX,DSL,NH3,1.18049597896e-07
2044,     ,El Dorado (MC),LDT1,Gas,RUNEX,CAT,NH3,0.0116736052438
2044,     ,El Dorado (MC),LDT2,Dsl,RUNEX,DSL,NH3,3.18508004066e-05
2044,     ,El Dorado (MC),LDT2,Gas,RUNEX,CAT,NH3,0.041519849098
2044,     ,El Dorado (MC),LHD1,Dsl,RUNEX,DSL,NH3,0.0103121760731
2044,     ,El Dorado (MC),LHD1,Gas,RUNEX,CAT,NH3,0.00329984424536
2044,     ,El Dorado (MC),LHD2,Dsl,RUNEX,DSL,NH3,0.00410749798476
2044,     ,El Dorado (MC),LHD2,Gas,RUNEX,CAT,NH3,0.000305304682303
2044,     ,El Dorado (MC),MCY,Gas,RUNEX,CAT,NH3,0.000184904248486
2044,     ,El Dorado (MC),MDV,Dsl,RUNEX,DSL,NH3,6.51656628359e-05
2044,     ,El Dorado (MC),MDV,Gas,RUNEX,CAT,NH3,0.0239920268856
2044,     ,El Dorado (MC),MH,Dsl,RUNEX,DSL,NH3,0.000229852500159
2044,     ,El Dorado (MC),MH,Gas,RUNEX,CAT,NH3,0.000101979781489
2044,     ,El Dorado (MC),OBUS,Gas,RUNEX,CAT,NH3,6.49157365571e-05
2044,     ,El Dorado (MC),SBUS,Gas,RUNEX,CAT,NH3,4.5533069454e-05
2044,     ,El Dorado (MC),T6TS,Gas,RUNEX,CAT,NH3,0.000518228678192
2044,     ,El Dorado (MC),T7IS,Gas,RUNEX,CAT,NH3,4.76504349984e-06
2044,     ,El Dorado (MC),UBUS,Dsl,RUNEX,DSL,NH3,0.00159139396028
2044,     ,El Dorado (MC),UBUS,Gas,RUNEX,CAT,NH3,0.000261978741356
2044,     ,Fresno (SJV),LDA,Dsl,RUNEX,DSL,NH3,0.000711111984549
2044,     ,Fresno (SJV),LDA,Gas,RUNEX,CAT,NH3,0.772797006817
2044,     ,Fresno (SJV),LDT1,Dsl,RUNEX,DSL,NH3,7.85519003856e-07
2044,     ,Fresno (SJV),LDT1,Gas,RUNEX,CAT,NH3,0.0779479196058
2044,     ,Fresno (SJV),LDT2,Dsl,RUNEX,DSL,NH3,0.000184885252072
2044,     ,Fresno (SJV),LDT2,Gas,RUNEX,CAT,NH3,0.24188712164
2044,     ,Fresno (SJV),LHD1,Dsl,RUNEX,DSL,NH3,0.0663399777022
2044,     ,Fresno (SJV),LHD1,Gas,RUNEX,CAT,NH3,0.0145498233527
2044,     ,Fresno (SJV),LHD2,Dsl,RUNEX,DSL,NH3,0.0259519053441
2044,     ,Fresno (SJV),LHD2,Gas,RUNEX,CAT,NH3,0.00206507048374
2044,     ,Fresno (SJV),MCY,Gas,RUNEX,CAT,NH3,0.0013995724948
2044,     ,Fresno (SJV),MDV,Dsl,RUNEX,DSL,NH3,0.000403925269363
2044,     ,Fresno (SJV),MDV,Gas,RUNEX,CAT,NH3,0.150249036845
2044,     ,Fresno (SJV),MH,Dsl,RUNEX,DSL,NH3,0.00132776344512
2044,     ,Fresno (SJV),MH,Gas,RUNEX,CAT,NH3,0.000634610473889
2044,     ,Fresno (SJV),OBUS,Gas,RUNEX,CAT,NH3,0.000603131065038
2044,     ,Fresno (SJV),SBUS,Gas,RUNEX,CAT,NH3,0.000414347802364
2044,     ,Fresno (SJV),T6TS,Gas,RUNEX,CAT,NH3,0.00291524123787
2044,     ,Fresno (SJV),T7IS,Gas,RUNEX,CAT,NH3,2.69704677257e-05
2044,     ,Fresno (SJV),UBUS,Dsl,RUNEX,DSL,NH3,0.000964807838809
2044,     ,Fresno (SJV),UBUS,Gas,RUNEX,CAT,NH3,0.000433582010653
2044,     ,Fresno (SJV),UBUS,NG,RUNEX,DSL,NH3,0.0171372426122
2044,     ,Glenn (SV),LDA,Dsl,RUNEX,DSL,NH3,5.49772780601e-05
2044,     ,Glenn (SV),LDA,Gas,RUNEX,CAT,NH3,0.0596608836493
2044,     ,Glenn (SV),LDT1,Dsl,RUNEX,DSL,NH3,5.5603140001e-08
2044,     ,Glenn (SV),LDT1,Gas,RUNEX,CAT,NH3,0.00550872664037
2044,     ,Glenn (SV),LDT2,Dsl,RUNEX,DSL,NH3,1.28728302142e-05
2044,     ,Glenn (SV),LDT2,Gas,RUNEX,CAT,NH3,0.016837767061
2044,     ,Glenn (SV),LHD1,Dsl,RUNEX,DSL,NH3,0.00558684533448
2044,     ,Glenn (SV),LHD1,Gas,RUNEX,CAT,NH3,0.00105212328159
2044,     ,Glenn (SV),LHD2,Dsl,RUNEX,DSL,NH3,0.0021778600362
2044,     ,Glenn (SV),LHD2,Gas,RUNEX,CAT,NH3,0.000165293083243
2044,     ,Glenn (SV),MCY,Gas,RUNEX,CAT,NH3,9.6072428682e-05
2044,     ,Glenn (SV),MDV,Dsl,RUNEX,DSL,NH3,2.75851996944e-05
2044,     ,Glenn (SV),MDV,Gas,RUNEX,CAT,NH3,0.0102103895957
2044,     ,Glenn (SV),MH,Dsl,RUNEX,DSL,NH3,0.000106887569967
2044,     ,Glenn (SV),MH,Gas,RUNEX,CAT,NH3,5.05469859345e-05
2044,     ,Glenn (SV),OBUS,Gas,RUNEX,CAT,NH3,3.93954221543e-05
2044,     ,Glenn (SV),SBUS,Gas,RUNEX,CAT,NH3,2.83593289695e-05
2044,     ,Glenn (SV),T6TS,Gas,RUNEX,CAT,NH3,0.000210614870952
2044,     ,Glenn (SV),T7IS,Gas,RUNEX,CAT,NH3,1.94671558725e-06
2044,     ,Glenn (SV),UBUS,Dsl,RUNEX,DSL,NH3,9.62443605671e-05
2044,     ,Glenn (SV),UBUS,Gas,RUNEX,CAT,NH3,3.37808646166e-05
2044,     ,Humboldt (NC),LDA,Dsl,RUNEX,DSL,NH3,0.000104696075086
2044,     ,Humboldt (NC),LDA,Gas,RUNEX,CAT,NH3,0.112863108853
2044,     ,Humboldt (NC),LDT1,Dsl,RUNEX,DSL,NH3,1.14877255338e-07
2044,     ,Humboldt (NC),LDT1,Gas,RUNEX,CAT,NH3,0.0113317486348
2044,     ,Humboldt (NC),LDT2,Dsl,RUNEX,DSL,NH3,3.08949449859e-05
2044,     ,Humboldt (NC),LDT2,Gas,RUNEX,CAT,NH3,0.0398331118147
2044,     ,Humboldt (NC),LHD1,Dsl,RUNEX,DSL,NH3,0.00978907506586
2044,     ,Humboldt (NC),LHD1,Gas,RUNEX,CAT,NH3,0.00285402632781
2044,     ,Humboldt (NC),LHD2,Dsl,RUNEX,DSL,NH3,0.00400269865284
2044,     ,Humboldt (NC),LHD2,Gas,RUNEX,CAT,NH3,0.000282864874913
2044,     ,Humboldt (NC),MCY,Gas,RUNEX,CAT,NH3,0.000193541203237
2044,     ,Humboldt (NC),MDV,Dsl,RUNEX,DSL,NH3,6.79829602999e-05
2044,     ,Humboldt (NC),MDV,Gas,RUNEX,CAT,NH3,0.0243667222605
2044,     ,Humboldt (NC),MH,Dsl,RUNEX,DSL,NH3,0.000187780167453
2044,     ,Humboldt (NC),MH,Gas,RUNEX,CAT,NH3,8.66040297992e-05
2044,     ,Humboldt (NC),OBUS,Gas,RUNEX,CAT,NH3,6.97340024487e-05
2044,     ,Humboldt (NC),SBUS,Gas,RUNEX,CAT,NH3,4.79787550228e-05
2044,     ,Humboldt (NC),T6TS,Gas,RUNEX,CAT,NH3,0.000495490304332
2044,     ,Humboldt (NC),T7IS,Gas,RUNEX,CAT,NH3,4.4477640273e-06
2044,     ,Humboldt (NC),UBUS,Dsl,RUNEX,DSL,NH3,0.000398468894221
2044,     ,Humboldt (NC),UBUS,Gas,RUNEX,CAT,NH3,1.96535812519e-05
2044,     ,Humboldt (NC),UBUS,NG,RUNEX,DSL,NH3,0.000976047543924
2044,     ,Imperial (SS),LDA,Dsl,RUNEX,DSL,NH3,0.000210586024101
2044,     ,Imperial (SS),LDA,Gas,RUNEX,CAT,NH3,0.229099614257
2044,     ,Imperial (SS),LDT1,Dsl,RUNEX,DSL,NH3,2.42729391975e-07
2044,     ,Imperial (SS),LDT1,Gas,RUNEX,CAT,NH3,0.0242919345913
2044,     ,Imperial (SS),LDT2,Dsl,RUNEX,DSL,NH3,5.51636327855e-05
2044,     ,Imperial (SS),LDT2,Gas,RUNEX,CAT,NH3,0.0722986681293
2044,     ,Imperial (SS),LHD1,Dsl,RUNEX,DSL,NH3,0.0183563803904
2044,     ,Imperial (SS),LHD1,Gas,RUNEX,CAT,NH3,0.00362405087356
2044,     ,Imperial (SS),LHD2,Dsl,RUNEX,DSL,NH3,0.00717313920965
2044,     ,Imperial (SS),LHD2,Gas,RUNEX,CAT,NH3,0.000570865701646
2044,     ,Imperial (SS),MCY,Gas,RUNEX,CAT,NH3,0.000493410885002
2044,     ,Imperial (SS),MDV,Dsl,RUNEX,DSL,NH3,0.000126280482408
2044,     ,Imperial (SS),MDV,Gas,RUNEX,CAT,NH3,0.0470197309
2044,     ,Imperial (SS),MH,Dsl,RUNEX,DSL,NH3,0.000730345041644
2044,     ,Imperial (SS),MH,Gas,RUNEX,CAT,NH3,0.000351730919117
2044,     ,Imperial (SS),OBUS,Gas,RUNEX,CAT,NH3,0.000335498100392
2044,     ,Imperial (SS),SBUS,Gas,RUNEX,CAT,NH3,0.000234577209023
2044,     ,Imperial (SS),T6TS,Gas,RUNEX,CAT,NH3,0.00359160164118
2044,     ,Imperial (SS),T7IS,Gas,RUNEX,CAT,NH3,3.93436230937e-05
2044,     ,Imperial (SS),UBUS,Dsl,RUNEX,DSL,NH3,0.000965654781336
2044,     ,Imperial (SS),UBUS,Gas,RUNEX,CAT,NH3,5.33900045133e-05
2044,     ,Inyo (GBV),LDA,Dsl,RUNEX,DSL,NH3,6.01371813907e-05
2044,     ,Inyo (GBV),LDA,Gas,RUNEX,CAT,NH3,0.0651740143475
2044,     ,Inyo (GBV),LDT1,Dsl,RUNEX,DSL,NH3,7.08813976908e-08
2044,     ,Inyo (GBV),LDT1,Gas,RUNEX,CAT,NH3,0.00706972600204
2044,     ,Inyo (GBV),LDT2,Dsl,RUNEX,DSL,NH3,1.66330520423e-05
2044,     ,Inyo (GBV),LDT2,Gas,RUNEX,CAT,NH3,0.0217121663503
2044,     ,Inyo (GBV),LHD1,Dsl,RUNEX,DSL,NH3,0.00724356976313
2044,     ,Inyo (GBV),LHD1,Gas,RUNEX,CAT,NH3,0.00157966635423
2044,     ,Inyo (GBV),LHD2,Dsl,RUNEX,DSL,NH3,0.00285943857631
2044,     ,Inyo (GBV),LHD2,Gas,RUNEX,CAT,NH3,0.000223045537438
2044,     ,Inyo (GBV),MCY,Gas,RUNEX,CAT,NH3,0.000132121300456
2044,     ,Inyo (GBV),MDV,Dsl,RUNEX,DSL,NH3,3.60916422439e-05
2044,     ,Inyo (GBV),MDV,Gas,RUNEX,CAT,NH3,0.013425350687
2044,     ,Inyo (GBV),MH,Dsl,RUNEX,DSL,NH3,0.0001516531443
2044,     ,Inyo (GBV),MH,Gas,RUNEX,CAT,NH3,6.97459680149e-05
2044,     ,Inyo (GBV),OBUS,Gas,RUNEX,CAT,NH3,5.51090357699e-05
2044,     ,Inyo (GBV),SBUS,Gas,RUNEX,CAT,NH3,3.91588613451e-05
2044,     ,Inyo (GBV),T6TS,Gas,RUNEX,CAT,NH3,0.00032277761072
2044,     ,Inyo (GBV),T7IS,Gas,RUNEX,CAT,NH3,2.95783021329e-06
2044,     ,Inyo (GBV),UBUS,Dsl,RUNEX,DSL,NH3,0.000638854242152
2044,     ,Inyo (GBV),UBUS,Gas,RUNEX,CAT,NH3,0.000152219579702
2044,     ,Kern (MD),LDA,Dsl,RUNEX,DSL,NH3,0.00011955883471
2044,     ,Kern (MD),LDA,Gas,RUNEX,CAT,NH3,0.129514096008
2044,     ,Kern (MD),LDT1,Dsl,RUNEX,DSL,NH3,1.48795531501e-07
2044,     ,Kern (MD),LDT1,Gas,RUNEX,CAT,NH3,0.0147741347942
2044,     ,Kern (MD),LDT2,Dsl,RUNEX,DSL,NH3,3.49018546564e-05
2044,     ,Kern (MD),LDT2,Gas,RUNEX,CAT,NH3,0.0455542212546
2044,     ,Kern (MD),LHD1,Dsl,RUNEX,DSL,NH3,0.0128047569409
2044,     ,Kern (MD),LHD1,Gas,RUNEX,CAT,NH3,0.00272555147139
2044,     ,Kern (MD),LHD2,Dsl,RUNEX,DSL,NH3,0.00512653678787
2044,     ,Kern (MD),LHD2,Gas,RUNEX,CAT,NH3,0.000390713027748
2044,     ,Kern (MD),MCY,Gas,RUNEX,CAT,NH3,0.000365342352012
2044,     ,Kern (MD),MDV,Dsl,RUNEX,DSL,NH3,7.48623029697e-05
2044,     ,Kern (MD),MDV,Gas,RUNEX,CAT,NH3,0.0276356391691
2044,     ,Kern (MD),MH,Dsl,RUNEX,DSL,NH3,0.000269202132069
2044,     ,Kern (MD),MH,Gas,RUNEX,CAT,NH3,0.000127032690558
2044,     ,Kern (MD),OBUS,Gas,RUNEX,CAT,NH3,0.000152975441185
2044,     ,Kern (MD),SBUS,Gas,RUNEX,CAT,NH3,0.000104984566488
2044,     ,Kern (MD),T6TS,Gas,RUNEX,CAT,NH3,0.000750362448694
2044,     ,Kern (MD),T7IS,Gas,RUNEX,CAT,NH3,6.94773519747e-06
2044,     ,Kern (MD),UBUS,Dsl,RUNEX,DSL,NH3,9.37732545912e-05
2044,     ,Kern (MD),UBUS,Gas,RUNEX,CAT,NH3,3.27646401627e-05
2044,     ,Kern (MD),UBUS,NG,RUNEX,DSL,NH3,0.000236259888191
2044,     ,Kern (SJV),LDA,Dsl,RUNEX,DSL,NH3,0.000566327354174
2044,     ,Kern (SJV),LDA,Gas,RUNEX,CAT,NH3,0.615279064101
2044,     ,Kern (SJV),LDT1,Dsl,RUNEX,DSL,NH3,7.25382118242e-07
2044,     ,Kern (SJV),LDT1,Gas,RUNEX,CAT,NH3,0.0718579587177
2044,     ,Kern (SJV),LDT2,Dsl,RUNEX,DSL,NH3,0.000170052652892
2044,     ,Kern (SJV),LDT2,Gas,RUNEX,CAT,NH3,0.222085895292
2044,     ,Kern (SJV),LHD1,Dsl,RUNEX,DSL,NH3,0.0640992206427
2044,     ,Kern (SJV),LHD1,Gas,RUNEX,CAT,NH3,0.0137851597765
2044,     ,Kern (SJV),LHD2,Dsl,RUNEX,DSL,NH3,0.025468800405
2044,     ,Kern (SJV),LHD2,Gas,RUNEX,CAT,NH3,0.00203049916673
2044,     ,Kern (SJV),MCY,Gas,RUNEX,CAT,NH3,0.00143523556985
2044,     ,Kern (SJV),MDV,Dsl,RUNEX,DSL,NH3,0.000378988534663
2044,     ,Kern (SJV),MDV,Gas,RUNEX,CAT,NH3,0.141045122701
2044,     ,Kern (SJV),MH,Dsl,RUNEX,DSL,NH3,0.00129679515222
2044,     ,Kern (SJV),MH,Gas,RUNEX,CAT,NH3,0.000615281586482
2044,     ,Kern (SJV),OBUS,Gas,RUNEX,CAT,NH3,0.000617009975347
2044,     ,Kern (SJV),SBUS,Gas,RUNEX,CAT,NH3,0.000423017516326
2044,     ,Kern (SJV),T6TS,Gas,RUNEX,CAT,NH3,0.00304537741106
2044,     ,Kern (SJV),T7IS,Gas,RUNEX,CAT,NH3,2.80394295823e-05
2044,     ,Kern (SJV),UBUS,Dsl,RUNEX,DSL,NH3,0.000874681683865
2044,     ,Kern (SJV),UBUS,Gas,RUNEX,CAT,NH3,0.00027564259474
2044,     ,Kern (SJV),UBUS,NG,RUNEX,DSL,NH3,0.0155363914159
2044,     ,Kings (SJV),LDA,Dsl,RUNEX,DSL,NH3,0.00012226452019
2044,     ,Kings (SJV),LDA,Gas,RUNEX,CAT,NH3,0.132825971305
2044,     ,Kings (SJV),LDT1,Dsl,RUNEX,DSL,NH3,1.36649861752e-07
2044,     ,Kings (SJV),LDT1,Gas,RUNEX,CAT,NH3,0.0134018620121
2044,     ,Kings (SJV),LDT2,Dsl,RUNEX,DSL,NH3,3.14015574908e-05
2044,     ,Kings (SJV),LDT2,Gas,RUNEX,CAT,NH3,0.0410390769594
2044,     ,Kings (SJV),LHD1,Dsl,RUNEX,DSL,NH3,0.012410193478
2044,     ,Kings (SJV),LHD1,Gas,RUNEX,CAT,NH3,0.00259524202908
2044,     ,Kings (SJV),LHD2,Dsl,RUNEX,DSL,NH3,0.00481765837986
2044,     ,Kings (SJV),LHD2,Gas,RUNEX,CAT,NH3,0.000377668388712
2044,     ,Kings (SJV),MCY,Gas,RUNEX,CAT,NH3,0.000271686624723
2044,     ,Kings (SJV),MDV,Dsl,RUNEX,DSL,NH3,7.05433354249e-05
2044,     ,Kings (SJV),MDV,Gas,RUNEX,CAT,NH3,0.0261975617404
2044,     ,Kings (SJV),MH,Dsl,RUNEX,DSL,NH3,0.000246797837299
2044,     ,Kings (SJV),MH,Gas,RUNEX,CAT,NH3,0.00011808926104
2044,     ,Kings (SJV),OBUS,Gas,RUNEX,CAT,NH3,0.000117613638378
2044,     ,Kings (SJV),SBUS,Gas,RUNEX,CAT,NH3,8.11068740669e-05
2044,     ,Kings (SJV),T6TS,Gas,RUNEX,CAT,NH3,0.000580895949728
2044,     ,Kings (SJV),T7IS,Gas,RUNEX,CAT,NH3,5.4038524244e-06
2044,     ,Kings (SJV),UBUS,Dsl,RUNEX,DSL,NH3,0.00015828844653
2044,     ,Kings (SJV),UBUS,Gas,RUNEX,CAT,NH3,3.07187492683e-05
2044,     ,Kings (SJV),UBUS,NG,RUNEX,DSL,NH3,0.00281157283531
2044,     ,Lake (LC),LDA,Dsl,RUNEX,DSL,NH3,5.83398995424e-05
2044,     ,Lake (LC),LDA,Gas,RUNEX,CAT,NH3,0.0630216433962
2044,     ,Lake (LC),LDT1,Dsl,RUNEX,DSL,NH3,5.76893765457e-08
2044,     ,Lake (LC),LDT1,Gas,RUNEX,CAT,NH3,0.00582711077262
2044,     ,Lake (LC),LDT2,Dsl,RUNEX,DSL,NH3,1.57890615478e-05
2044,     ,Lake (LC),LDT2,Gas,RUNEX,CAT,NH3,0.0207219754059
2044,     ,Lake (LC),LHD1,Dsl,RUNEX,DSL,NH3,0.00473605432746
2044,     ,Lake (LC),LHD1,Gas,RUNEX,CAT,NH3,0.0014937989766
2044,     ,Lake (LC),LHD2,Dsl,RUNEX,DSL,NH3,0.00188370025796
2044,     ,Lake (LC),LHD2,Gas,RUNEX,CAT,NH3,0.000138439793941
2044,     ,Lake (LC),MCY,Gas,RUNEX,CAT,NH3,9.54464795653e-05
2044,     ,Lake (LC),MDV,Dsl,RUNEX,DSL,NH3,3.45756726775e-05
2044,     ,Lake (LC),MDV,Gas,RUNEX,CAT,NH3,0.012739774685
2044,     ,Lake (LC),MH,Dsl,RUNEX,DSL,NH3,9.73472418807e-05
2044,     ,Lake (LC),MH,Gas,RUNEX,CAT,NH3,4.45894047078e-05
2044,     ,Lake (LC),OBUS,Gas,RUNEX,CAT,NH3,3.2300371621e-05
2044,     ,Lake (LC),SBUS,Gas,RUNEX,CAT,NH3,2.28377107187e-05
2044,     ,Lake (LC),T6TS,Gas,RUNEX,CAT,NH3,0.000242173640933
2044,     ,Lake (LC),T7IS,Gas,RUNEX,CAT,NH3,2.16864087011e-06
2044,     ,Lassen (NEP),LDA,Dsl,RUNEX,DSL,NH3,3.55002397777e-05
2044,     ,Lassen (NEP),LDA,Gas,RUNEX,CAT,NH3,0.0384677395183
2044,     ,Lassen (NEP),LDT1,Dsl,RUNEX,DSL,NH3,4.02729790199e-08
2044,     ,Lassen (NEP),LDT1,Gas,RUNEX,CAT,NH3,0.00404181091204
2044,     ,Lassen (NEP),LDT2,Dsl,RUNEX,DSL,NH3,9.82176334888e-06
2044,     ,Lassen (NEP),LDT2,Gas,RUNEX,CAT,NH3,0.012990545309
2044,     ,Lassen (NEP),LHD1,Dsl,RUNEX,DSL,NH3,0.0039787227171
2044,     ,Lassen (NEP),LHD1,Gas,RUNEX,CAT,NH3,0.000965891485551
2044,     ,Lassen (NEP),LHD2,Dsl,RUNEX,DSL,NH3,0.00158014915247
2044,     ,Lassen (NEP),LHD2,Gas,RUNEX,CAT,NH3,0.000117516597886
2044,     ,Lassen (NEP),MCY,Gas,RUNEX,CAT,NH3,7.34422153972e-05
2044,     ,Lassen (NEP),MDV,Dsl,RUNEX,DSL,NH3,2.20071961122e-05
2044,     ,Lassen (NEP),MDV,Gas,RUNEX,CAT,NH3,0.0080839920225
2044,     ,Lassen (NEP),MH,Dsl,RUNEX,DSL,NH3,7.72412157596e-05
2044,     ,Lassen (NEP),MH,Gas,RUNEX,CAT,NH3,3.71421197584e-05
2044,     ,Lassen (NEP),OBUS,Gas,RUNEX,CAT,NH3,3.06399238538e-05
2044,     ,Lassen (NEP),SBUS,Gas,RUNEX,CAT,NH3,2.05159576506e-05
2044,     ,Lassen (NEP),T6TS,Gas,RUNEX,CAT,NH3,0.000177310602404
2044,     ,Lassen (NEP),T7IS,Gas,RUNEX,CAT,NH3,1.62876174977e-06
2044,     ,Lassen (NEP),UBUS,Dsl,RUNEX,DSL,NH3,0.000144752646348
2044,     ,Lassen (NEP),UBUS,Gas,RUNEX,CAT,NH3,3.21764788554e-05
2044,     ,Los Angeles (MD),LDA,Dsl,RUNEX,DSL,NH3,0.000288408638459
2044,     ,Los Angeles (MD),LDA,Gas,RUNEX,CAT,NH3,0.313449014724
2044,     ,Los Angeles (MD),LDT1,Dsl,RUNEX,DSL,NH3,2.5399034314e-07
2044,     ,Los Angeles (MD),LDT1,Gas,RUNEX,CAT,NH3,0.0254138068566
2044,     ,Los Angeles (MD),LDT2,Dsl,RUNEX,DSL,NH3,5.34800176777e-05
2044,     ,Los Angeles (MD),LDT2,Gas,RUNEX,CAT,NH3,0.0701427760977
2044,     ,Los Angeles (MD),LHD1,Dsl,RUNEX,DSL,NH3,0.0180432587423
2044,     ,Los Angeles (MD),LHD1,Gas,RUNEX,CAT,NH3,0.00317070550067
2044,     ,Los Angeles (MD),LHD2,Dsl,RUNEX,DSL,NH3,0.0071293560021
2044,     ,Los Angeles (MD),LHD2,Gas,RUNEX,CAT,NH3,0.000556163883384
2044,     ,Los Angeles (MD),MCY,Gas,RUNEX,CAT,NH3,0.000673959192123
2044,     ,Los Angeles (MD),MDV,Dsl,RUNEX,DSL,NH3,0.000117467899099
2044,     ,Los Angeles (MD),MDV,Gas,RUNEX,CAT,NH3,0.0439197473818
2044,     ,Los Angeles (MD),MH,Dsl,RUNEX,DSL,NH3,0.000358049826642
2044,     ,Los Angeles (MD),MH,Gas,RUNEX,CAT,NH3,0.000170680708126
2044,     ,Los Angeles (MD),OBUS,Gas,RUNEX,CAT,NH3,0.000232790756477
2044,     ,Los Angeles (MD),SBUS,Gas,RUNEX,CAT,NH3,0.00016761476934
2044,     ,Los Angeles (MD),T6TS,Gas,RUNEX,CAT,NH3,0.00242285937656
2044,     ,Los Angeles (MD),T7IS,Gas,RUNEX,CAT,NH3,2.92563983545e-05
2044,     ,Los Angeles (MD),UBUS,Gas,RUNEX,CAT,NH3,3.31532289226e-05
2044,     ,Los Angeles (MD),UBUS,NG,RUNEX,DSL,NH3,0.0115711843688
2044,     ,Los Angeles (SC),LDA,Dsl,RUNEX,DSL,NH3,0.00470436289182
2044,     ,Los Angeles (SC),LDA,Gas,RUNEX,CAT,NH3,5.11382140203
2044,     ,Los Angeles (SC),LDT1,Dsl,RUNEX,DSL,NH3,7.20219373297e-06
2044,     ,Los Angeles (SC),LDT1,Gas,RUNEX,CAT,NH3,0.710414283537
2044,     ,Los Angeles (SC),LDT2,Dsl,RUNEX,DSL,NH3,0.00150658130776
2044,     ,Los Angeles (SC),LDT2,Gas,RUNEX,CAT,NH3,1.96753296455
2044,     ,Los Angeles (SC),LHD1,Dsl,RUNEX,DSL,NH3,0.40610401934
2044,     ,Los Angeles (SC),LHD1,Gas,RUNEX,CAT,NH3,0.0722191967891
2044,     ,Los Angeles (SC),LHD2,Dsl,RUNEX,DSL,NH3,0.158081684024
2044,     ,Los Angeles (SC),LHD2,Gas,RUNEX,CAT,NH3,0.0127109025735
2044,     ,Los Angeles (SC),MCY,Gas,RUNEX,CAT,NH3,0.011347876438
2044,     ,Los Angeles (SC),MDV,Dsl,RUNEX,DSL,NH3,0.00316955802993
2044,     ,Los Angeles (SC),MDV,Gas,RUNEX,CAT,NH3,1.18470190036
2044,     ,Los Angeles (SC),MH,Dsl,RUNEX,DSL,NH3,0.0212102744521
2044,     ,Los Angeles (SC),MH,Gas,RUNEX,CAT,NH3,0.0101960636436
2044,     ,Los Angeles (SC),OBUS,Gas,RUNEX,CAT,NH3,0.00699603366378
2044,     ,Los Angeles (SC),SBUS,Gas,RUNEX,CAT,NH3,0.00502337034462
2044,     ,Los Angeles (SC),T6TS,Gas,RUNEX,CAT,NH3,0.032182660963
2044,     ,Los Angeles (SC),T7IS,Gas,RUNEX,CAT,NH3,0.000349633759943
2044,     ,Los Angeles (SC),UBUS,Gas,RUNEX,CAT,NH3,0.00184734227229
2044,     ,Los Angeles (SC),UBUS,NG,RUNEX,DSL,NH3,0.530354543986
2044,     ,Madera (SJV),LDA,Dsl,RUNEX,DSL,NH3,0.000136822030808
2044,     ,Madera (SJV),LDA,Gas,RUNEX,CAT,NH3,0.148569269324
2044,     ,Madera (SJV),LDT1,Dsl,RUNEX,DSL,NH3,1.34627229998e-07
2044,     ,Madera (SJV),LDT1,Gas,RUNEX,CAT,NH3,0.013334658648
2044,     ,Madera (SJV),LDT2,Dsl,RUNEX,DSL,NH3,3.1488689778e-05
2044,     ,Madera (SJV),LDT2,Gas,RUNEX,CAT,NH3,0.0411003494339
2044,     ,Madera (SJV),LHD1,Dsl,RUNEX,DSL,NH3,0.0121684455416
2044,     ,Madera (SJV),LHD1,Gas,RUNEX,CAT,NH3,0.0025685118432
2044,     ,Madera (SJV),LHD2,Dsl,RUNEX,DSL,NH3,0.00479462895476
2044,     ,Madera (SJV),LHD2,Gas,RUNEX,CAT,NH3,0.000371670368026
2044,     ,Madera (SJV),MCY,Gas,RUNEX,CAT,NH3,0.000330697912018
2044,     ,Madera (SJV),MDV,Dsl,RUNEX,DSL,NH3,6.95599191476e-05
2044,     ,Madera (SJV),MDV,Gas,RUNEX,CAT,NH3,0.0257586519058
2044,     ,Madera (SJV),MH,Dsl,RUNEX,DSL,NH3,0.000244049447443
2044,     ,Madera (SJV),MH,Gas,RUNEX,CAT,NH3,0.000116675480127
2044,     ,Madera (SJV),OBUS,Gas,RUNEX,CAT,NH3,0.000140437379261
2044,     ,Madera (SJV),SBUS,Gas,RUNEX,CAT,NH3,9.64232050624e-05
2044,     ,Madera (SJV),T6TS,Gas,RUNEX,CAT,NH3,0.000687477898329
2044,     ,Madera (SJV),T7IS,Gas,RUNEX,CAT,NH3,6.39314281952e-06
2044,     ,Madera (SJV),UBUS,Dsl,RUNEX,DSL,NH3,2.58232969566e-05
2044,     ,Madera (SJV),UBUS,Gas,RUNEX,CAT,NH3,0.000141644665038
2044,     ,Madera (SJV),UBUS,NG,RUNEX,DSL,NH3,0.000458682120098
2044,     ,Marin (SF),LDA,Dsl,RUNEX,DSL,NH3,0.000156053320265
2044,     ,Marin (SF),LDA,Gas,RUNEX,CAT,NH3,0.168323498377
2044,     ,Marin (SF),LDT1,Dsl,RUNEX,DSL,NH3,1.93379182073e-07
2044,     ,Marin (SF),LDT1,Gas,RUNEX,CAT,NH3,0.0191175449936
2044,     ,Marin (SF),LDT2,Dsl,RUNEX,DSL,NH3,4.53862946554e-05
2044,     ,Marin (SF),LDT2,Gas,RUNEX,CAT,NH3,0.0582798037705
2044,     ,Marin (SF),LHD1,Dsl,RUNEX,DSL,NH3,0.0216411986455
2044,     ,Marin (SF),LHD1,Gas,RUNEX,CAT,NH3,0.00443424136723
2044,     ,Marin (SF),LHD2,Dsl,RUNEX,DSL,NH3,0.00842998259311
2044,     ,Marin (SF),LHD2,Gas,RUNEX,CAT,NH3,0.000672444778769
2044,     ,Marin (SF),MCY,Gas,RUNEX,CAT,NH3,0.00041776384251
2044,     ,Marin (SF),MDV,Dsl,RUNEX,DSL,NH3,9.82449998907e-05
2044,     ,Marin (SF),MDV,Gas,RUNEX,CAT,NH3,0.0360116484478
2044,     ,Marin (SF),MH,Dsl,RUNEX,DSL,NH3,0.000445506584435
2044,     ,Marin (SF),MH,Gas,RUNEX,CAT,NH3,0.000208000681678
2044,     ,Marin (SF),OBUS,Gas,RUNEX,CAT,NH3,0.000177257128987
2044,     ,Marin (SF),SBUS,Gas,RUNEX,CAT,NH3,0.000125620771907
2044,     ,Marin (SF),T6TS,Gas,RUNEX,CAT,NH3,0.000851671265043
2044,     ,Marin (SF),T7IS,Gas,RUNEX,CAT,NH3,7.93336134943e-06
2044,     ,Marin (SF),UBUS,Dsl,RUNEX,DSL,NH3,0.000548548153981
2044,     ,Marin (SF),UBUS,Gas,RUNEX,CAT,NH3,0.000165286326616
2044,     ,Marin (SF),UBUS,NG,RUNEX,DSL,NH3,0.000977256661776
2044,     ,Mariposa (MC),LDA,Dsl,RUNEX,DSL,NH3,1.23052685879e-05
2044,     ,Mariposa (MC),LDA,Gas,RUNEX,CAT,NH3,0.0132054363052
2044,     ,Mariposa (MC),LDT1,Dsl,RUNEX,DSL,NH3,1.14381889666e-08
2044,     ,Mariposa (MC),LDT1,Gas,RUNEX,CAT,NH3,0.00116609848121
2044,     ,Mariposa (MC),LDT2,Dsl,RUNEX,DSL,NH3,3.16730583123e-06
2044,     ,Mariposa (MC),LDT2,Gas,RUNEX,CAT,NH3,0.0041397344678
2044,     ,Mariposa (MC),LHD1,Dsl,RUNEX,DSL,NH3,0.00109733446458
2044,     ,Mariposa (MC),LHD1,Gas,RUNEX,CAT,NH3,0.000362905952862
2044,     ,Mariposa (MC),LHD2,Dsl,RUNEX,DSL,NH3,0.000437853818974
2044,     ,Mariposa (MC),LHD2,Gas,RUNEX,CAT,NH3,3.21667650606e-05
2044,     ,Mariposa (MC),MCY,Gas,RUNEX,CAT,NH3,2.18550862391e-05
2044,     ,Mariposa (MC),MDV,Dsl,RUNEX,DSL,NH3,6.98698211794e-06
2044,     ,Mariposa (MC),MDV,Gas,RUNEX,CAT,NH3,0.00251443062987
2044,     ,Mariposa (MC),MH,Dsl,RUNEX,DSL,NH3,2.24973678516e-05
2044,     ,Mariposa (MC),MH,Gas,RUNEX,CAT,NH3,1.0310829825e-05
2044,     ,Mariposa (MC),OBUS,Gas,RUNEX,CAT,NH3,7.39153465675e-06
2044,     ,Mariposa (MC),SBUS,Gas,RUNEX,CAT,NH3,5.17694529044e-06
2044,     ,Mariposa (MC),T6TS,Gas,RUNEX,CAT,NH3,5.96324182921e-05
2044,     ,Mariposa (MC),T7IS,Gas,RUNEX,CAT,NH3,5.2695799254e-07
2044,     ,Mariposa (MC),UBUS,Dsl,RUNEX,DSL,NH3,3.59992284091e-05
2044,     ,Mariposa (MC),UBUS,Gas,RUNEX,CAT,NH3,1.33831501338e-05
2044,     ,Mendocino (NC),LDA,Dsl,RUNEX,DSL,NH3,0.000102617724228
2044,     ,Mendocino (NC),LDA,Gas,RUNEX,CAT,NH3,0.110658803972
2044,     ,Mendocino (NC),LDT1,Dsl,RUNEX,DSL,NH3,1.14370083969e-07
2044,     ,Mendocino (NC),LDT1,Gas,RUNEX,CAT,NH3,0.0115540360456
2044,     ,Mendocino (NC),LDT2,Dsl,RUNEX,DSL,NH3,2.98940348828e-05
2044,     ,Mendocino (NC),LDT2,Gas,RUNEX,CAT,NH3,0.0390267788181
2044,     ,Mendocino (NC),LHD1,Dsl,RUNEX,DSL,NH3,0.0104256928939
2044,     ,Mendocino (NC),LHD1,Gas,RUNEX,CAT,NH3,0.00277692218796
2044,     ,Mendocino (NC),LHD2,Dsl,RUNEX,DSL,NH3,0.00405129520925
2044,     ,Mendocino (NC),LHD2,Gas,RUNEX,CAT,NH3,0.000307759890773
2044,     ,Mendocino (NC),MCY,Gas,RUNEX,CAT,NH3,0.000201036855549
2044,     ,Mendocino (NC),MDV,Dsl,RUNEX,DSL,NH3,6.575320798e-05
2044,     ,Mendocino (NC),MDV,Gas,RUNEX,CAT,NH3,0.0239912112517
2044,     ,Mendocino (NC),MH,Dsl,RUNEX,DSL,NH3,0.000207831373562
2044,     ,Mendocino (NC),MH,Gas,RUNEX,CAT,NH3,9.66714941401e-05
2044,     ,Mendocino (NC),OBUS,Gas,RUNEX,CAT,NH3,7.53450433967e-05
2044,     ,Mendocino (NC),SBUS,Gas,RUNEX,CAT,NH3,5.29659058147e-05
2044,     ,Mendocino (NC),T6TS,Gas,RUNEX,CAT,NH3,0.000501575680328
2044,     ,Mendocino (NC),T7IS,Gas,RUNEX,CAT,NH3,4.5587598425e-06
2044,     ,Mendocino (NC),UBUS,Dsl,RUNEX,DSL,NH3,0.000351485315035
2044,     ,Mendocino (NC),UBUS,Gas,RUNEX,CAT,NH3,0.000107446557771
2044,     ,Merced (SJV),LDA,Dsl,RUNEX,DSL,NH3,0.000211416662775
2044,     ,Merced (SJV),LDA,Gas,RUNEX,CAT,NH3,0.22973701354
2044,     ,Merced (SJV),LDT1,Dsl,RUNEX,DSL,NH3,1.82493128982e-07
2044,     ,Merced (SJV),LDT1,Gas,RUNEX,CAT,NH3,0.0180126067994
2044,     ,Merced (SJV),LDT2,Dsl,RUNEX,DSL,NH3,4.26391410689e-05
2044,     ,Merced (SJV),LDT2,Gas,RUNEX,CAT,NH3,0.0558516128319
2044,     ,Merced (SJV),LHD1,Dsl,RUNEX,DSL,NH3,0.0156275471274
2044,     ,Merced (SJV),LHD1,Gas,RUNEX,CAT,NH3,0.00337709077438
2044,     ,Merced (SJV),LHD2,Dsl,RUNEX,DSL,NH3,0.00611376320333
2044,     ,Merced (SJV),LHD2,Gas,RUNEX,CAT,NH3,0.000474828071879
2044,     ,Merced (SJV),MCY,Gas,RUNEX,CAT,NH3,0.000462119414607
2044,     ,Merced (SJV),MDV,Dsl,RUNEX,DSL,NH3,9.70107335343e-05
2044,     ,Merced (SJV),MDV,Gas,RUNEX,CAT,NH3,0.0362123074817
2044,     ,Merced (SJV),MH,Dsl,RUNEX,DSL,NH3,0.000306883523075
2044,     ,Merced (SJV),MH,Gas,RUNEX,CAT,NH3,0.00014753671168
2044,     ,Merced (SJV),OBUS,Gas,RUNEX,CAT,NH3,0.000198073088132
2044,     ,Merced (SJV),SBUS,Gas,RUNEX,CAT,NH3,0.000134889416302
2044,     ,Merced (SJV),T6TS,Gas,RUNEX,CAT,NH3,0.000953869950144
2044,     ,Merced (SJV),T7IS,Gas,RUNEX,CAT,NH3,8.812092596e-06
2044,     ,Merced (SJV),UBUS,Dsl,RUNEX,DSL,NH3,0.000444963896806
2044,     ,Merced (SJV),UBUS,Gas,RUNEX,CAT,NH3,0.000340677061965
2044,     ,Merced (SJV),UBUS,NG,RUNEX,DSL,NH3,0.00790359898261
2044,     ,Modoc (NEP),LDA,Dsl,RUNEX,DSL,NH3,1.45929005433e-05
2044,     ,Modoc (NEP),LDA,Gas,RUNEX,CAT,NH3,0.0158458257214
2044,     ,Modoc (NEP),LDT1,Dsl,RUNEX,DSL,NH3,1.70561878356e-08
2044,     ,Modoc (NEP),LDT1,Gas,RUNEX,CAT,NH3,0.00170414513065
2044,     ,Modoc (NEP),LDT2,Dsl,RUNEX,DSL,NH3,4.04295587752e-06
2044,     ,Modoc (NEP),LDT2,Gas,RUNEX,CAT,NH3,0.00530210857134
2044,     ,Modoc (NEP),LHD1,Dsl,RUNEX,DSL,NH3,0.0017397193962
2044,     ,Modoc (NEP),LHD1,Gas,RUNEX,CAT,NH3,0.000385670673285
2044,     ,Modoc (NEP),LHD2,Dsl,RUNEX,DSL,NH3,0.000704849217269
2044,     ,Modoc (NEP),LHD2,Gas,RUNEX,CAT,NH3,5.08563421451e-05
2044,     ,Modoc (NEP),MCY,Gas,RUNEX,CAT,NH3,3.1109596381e-05
2044,     ,Modoc (NEP),MDV,Dsl,RUNEX,DSL,NH3,8.94803585789e-06
2044,     ,Modoc (NEP),MDV,Gas,RUNEX,CAT,NH3,0.00330765089093
2044,     ,Modoc (NEP),MH,Dsl,RUNEX,DSL,NH3,3.29275297001e-05
2044,     ,Modoc (NEP),MH,Gas,RUNEX,CAT,NH3,1.62233551589e-05
2044,     ,Modoc (NEP),OBUS,Gas,RUNEX,CAT,NH3,1.27542206729e-05
2044,     ,Modoc (NEP),SBUS,Gas,RUNEX,CAT,NH3,9.10546589327e-06
2044,     ,Modoc (NEP),T6TS,Gas,RUNEX,CAT,NH3,7.54147096744e-05
2044,     ,Modoc (NEP),T7IS,Gas,RUNEX,CAT,NH3,6.8678021942e-07
2044,     ,Modoc (NEP),UBUS,Dsl,RUNEX,DSL,NH3,1.12421655892e-05
2044,     ,Modoc (NEP),UBUS,Gas,RUNEX,CAT,NH3,1.36546644785e-05
2044,     ,Mono (GBV),LDA,Dsl,RUNEX,DSL,NH3,2.86719805946e-05
2044,     ,Mono (GBV),LDA,Gas,RUNEX,CAT,NH3,0.0310283369525
2044,     ,Mono (GBV),LDT1,Dsl,RUNEX,DSL,NH3,3.3916080392e-08
2044,     ,Mono (GBV),LDT1,Gas,RUNEX,CAT,NH3,0.00338676783196
2044,     ,Mono (GBV),LDT2,Dsl,RUNEX,DSL,NH3,8.11305537012e-06
2044,     ,Mono (GBV),LDT2,Gas,RUNEX,CAT,NH3,0.0105197877145
2044,     ,Mono (GBV),LHD1,Dsl,RUNEX,DSL,NH3,0.00344002936542
2044,     ,Mono (GBV),LHD1,Gas,RUNEX,CAT,NH3,0.00077266262294
2044,     ,Mono (GBV),LHD2,Dsl,RUNEX,DSL,NH3,0.00134952093107
2044,     ,Mono (GBV),LHD2,Gas,RUNEX,CAT,NH3,0.000106939653643
2044,     ,Mono (GBV),MCY,Gas,RUNEX,CAT,NH3,6.23409080611e-05
2044,     ,Mono (GBV),MDV,Dsl,RUNEX,DSL,NH3,1.7534864986e-05
2044,     ,Mono (GBV),MDV,Gas,RUNEX,CAT,NH3,0.00650140661005
2044,     ,Mono (GBV),MH,Dsl,RUNEX,DSL,NH3,7.08912589194e-05
2044,     ,Mono (GBV),MH,Gas,RUNEX,CAT,NH3,3.33377041835e-05
2044,     ,Mono (GBV),OBUS,Gas,RUNEX,CAT,NH3,2.62777347957e-05
2044,     ,Mono (GBV),SBUS,Gas,RUNEX,CAT,NH3,1.82872008309e-05
2044,     ,Mono (GBV),T6TS,Gas,RUNEX,CAT,NH3,0.000152138383844
2044,     ,Mono (GBV),T7IS,Gas,RUNEX,CAT,NH3,1.40603010187e-06
2044,     ,Monterey (NCC),LDA,Dsl,RUNEX,DSL,NH3,0.00023756630715
2044,     ,Monterey (NCC),LDA,Gas,RUNEX,CAT,NH3,0.257798154892
2044,     ,Monterey (NCC),LDT1,Dsl,RUNEX,DSL,NH3,2.50158449667e-07
2044,     ,Monterey (NCC),LDT1,Gas,RUNEX,CAT,NH3,0.0251897439738
2044,     ,Monterey (NCC),LDT2,Dsl,RUNEX,DSL,NH3,6.37432279188e-05
2044,     ,Monterey (NCC),LDT2,Gas,RUNEX,CAT,NH3,0.0829550834346
2044,     ,Monterey (NCC),LHD1,Dsl,RUNEX,DSL,NH3,0.0217677113114
2044,     ,Monterey (NCC),LHD1,Gas,RUNEX,CAT,NH3,0.00503630355003
2044,     ,Monterey (NCC),LHD2,Dsl,RUNEX,DSL,NH3,0.0085867251755
2044,     ,Monterey (NCC),LHD2,Gas,RUNEX,CAT,NH3,0.000673434531623
2044,     ,Monterey (NCC),MCY,Gas,RUNEX,CAT,NH3,0.000698191473862
2044,     ,Monterey (NCC),MDV,Dsl,RUNEX,DSL,NH3,0.0001370152511
2044,     ,Monterey (NCC),MDV,Gas,RUNEX,CAT,NH3,0.0508550124102
2044,     ,Monterey (NCC),MH,Dsl,RUNEX,DSL,NH3,0.000441409607334
2044,     ,Monterey (NCC),MH,Gas,RUNEX,CAT,NH3,0.00020719773055
2044,     ,Monterey (NCC),OBUS,Gas,RUNEX,CAT,NH3,0.000278267883414
2044,     ,Monterey (NCC),SBUS,Gas,RUNEX,CAT,NH3,0.00019339298094
2044,     ,Monterey (NCC),T6TS,Gas,RUNEX,CAT,NH3,0.0013226167687
2044,     ,Monterey (NCC),T7IS,Gas,RUNEX,CAT,NH3,1.22445887668e-05
2044,     ,Monterey (NCC),UBUS,Dsl,RUNEX,DSL,NH3,0.00211060460155
2044,     ,Monterey (NCC),UBUS,Gas,RUNEX,CAT,NH3,0.000273840212249
2044,     ,Monterey (NCC),UBUS,NG,RUNEX,DSL,NH3,0.0162852332324
2044,     ,Napa (SF),LDA,Dsl,RUNEX,DSL,NH3,8.81412099493e-05
2044,     ,Napa (SF),LDA,Gas,RUNEX,CAT,NH3,0.0954548524438
2044,     ,Napa (SF),LDT1,Dsl,RUNEX,DSL,NH3,8.00628585581e-08
2044,     ,Napa (SF),LDT1,Gas,RUNEX,CAT,NH3,0.00792113524741
2044,     ,Napa (SF),LDT2,Dsl,RUNEX,DSL,NH3,1.86781775162e-05
2044,     ,Napa (SF),LDT2,Gas,RUNEX,CAT,NH3,0.0242295799557
2044,     ,Napa (SF),LHD1,Dsl,RUNEX,DSL,NH3,0.00844641308868
2044,     ,Napa (SF),LHD1,Gas,RUNEX,CAT,NH3,0.00173406493072
2044,     ,Napa (SF),LHD2,Dsl,RUNEX,DSL,NH3,0.00332068168066
2044,     ,Napa (SF),LHD2,Gas,RUNEX,CAT,NH3,0.000258111814175
2044,     ,Napa (SF),MCY,Gas,RUNEX,CAT,NH3,0.000179584300832
2044,     ,Napa (SF),MDV,Dsl,RUNEX,DSL,NH3,4.06893026325e-05
2044,     ,Napa (SF),MDV,Gas,RUNEX,CAT,NH3,0.015053891809
2044,     ,Napa (SF),MH,Dsl,RUNEX,DSL,NH3,0.000173063319456
2044,     ,Napa (SF),MH,Gas,RUNEX,CAT,NH3,8.12795234317e-05
2044,     ,Napa (SF),OBUS,Gas,RUNEX,CAT,NH3,7.89459211558e-05
2044,     ,Napa (SF),SBUS,Gas,RUNEX,CAT,NH3,5.26387788228e-05
2044,     ,Napa (SF),T6TS,Gas,RUNEX,CAT,NH3,0.000356150891369
2044,     ,Napa (SF),T7IS,Gas,RUNEX,CAT,NH3,3.3037836655e-06
2044,     ,Napa (SF),UBUS,Dsl,RUNEX,DSL,NH3,0.00057043617992
2044,     ,Napa (SF),UBUS,Gas,RUNEX,CAT,NH3,0.000151479641521
2044,     ,Napa (SF),UBUS,NG,RUNEX,DSL,NH3,0.00101625090322
2044,     ,Nevada (MC),LDA,Dsl,RUNEX,DSL,NH3,7.98095716358e-05
2044,     ,Nevada (MC),LDA,Gas,RUNEX,CAT,NH3,0.0862207163589
2044,     ,Nevada (MC),LDT1,Dsl,RUNEX,DSL,NH3,9.42506316268e-08
2044,     ,Nevada (MC),LDT1,Gas,RUNEX,CAT,NH3,0.00962531230363
2044,     ,Nevada (MC),LDT2,Dsl,RUNEX,DSL,NH3,2.68066029881e-05
2044,     ,Nevada (MC),LDT2,Gas,RUNEX,CAT,NH3,0.0346540495791
2044,     ,Nevada (MC),LHD1,Dsl,RUNEX,DSL,NH3,0.00764665833065
2044,     ,Nevada (MC),LHD1,Gas,RUNEX,CAT,NH3,0.00248526617516
2044,     ,Nevada (MC),LHD2,Dsl,RUNEX,DSL,NH3,0.00307855248306
2044,     ,Nevada (MC),LHD2,Gas,RUNEX,CAT,NH3,0.000226664271585
2044,     ,Nevada (MC),MCY,Gas,RUNEX,CAT,NH3,0.000157082893414
2044,     ,Nevada (MC),MDV,Dsl,RUNEX,DSL,NH3,5.79008302073e-05
2044,     ,Nevada (MC),MDV,Gas,RUNEX,CAT,NH3,0.021033208972
2044,     ,Nevada (MC),MH,Dsl,RUNEX,DSL,NH3,0.00017680645478
2044,     ,Nevada (MC),MH,Gas,RUNEX,CAT,NH3,7.39908530928e-05
2044,     ,Nevada (MC),OBUS,Gas,RUNEX,CAT,NH3,5.30537020315e-05
2044,     ,Nevada (MC),SBUS,Gas,RUNEX,CAT,NH3,3.62677564052e-05
2044,     ,Nevada (MC),T6TS,Gas,RUNEX,CAT,NH3,0.000396219349453
2044,     ,Nevada (MC),T7IS,Gas,RUNEX,CAT,NH3,3.56996064236e-06
2044,     ,Nevada (MC),UBUS,Dsl,RUNEX,DSL,NH3,0.000204643490287
2044,     ,Nevada (MC),UBUS,Gas,RUNEX,CAT,NH3,3.44380022029e-05
2044,     ,Orange (SC),LDA,Dsl,RUNEX,DSL,NH3,0.00187239625754
2044,     ,Orange (SC),LDA,Gas,RUNEX,CAT,NH3,2.03283740158
2044,     ,Orange (SC),LDT1,Dsl,RUNEX,DSL,NH3,2.3694562854e-06
2044,     ,Orange (SC),LDT1,Gas,RUNEX,CAT,NH3,0.235878251558
2044,     ,Orange (SC),LDT2,Dsl,RUNEX,DSL,NH3,0.000503951248107
2044,     ,Orange (SC),LDT2,Gas,RUNEX,CAT,NH3,0.657049518227
2044,     ,Orange (SC),LHD1,Dsl,RUNEX,DSL,NH3,0.132497359979
2044,     ,Orange (SC),LHD1,Gas,RUNEX,CAT,NH3,0.0235642887435
2044,     ,Orange (SC),LHD2,Dsl,RUNEX,DSL,NH3,0.0517005182319
2044,     ,Orange (SC),LHD2,Gas,RUNEX,CAT,NH3,0.0041777640685
2044,     ,Orange (SC),MCY,Gas,RUNEX,CAT,NH3,0.00406972600463
2044,     ,Orange (SC),MDV,Dsl,RUNEX,DSL,NH3,0.00109889952678
2044,     ,Orange (SC),MDV,Gas,RUNEX,CAT,NH3,0.409113783552
2044,     ,Orange (SC),MH,Dsl,RUNEX,DSL,NH3,0.00677510859389
2044,     ,Orange (SC),MH,Gas,RUNEX,CAT,NH3,0.00317278295673
2044,     ,Orange (SC),OBUS,Gas,RUNEX,CAT,NH3,0.00221982080429
2044,     ,Orange (SC),SBUS,Gas,RUNEX,CAT,NH3,0.00159571971194
2044,     ,Orange (SC),T6TS,Gas,RUNEX,CAT,NH3,0.00963856426018
2044,     ,Orange (SC),T7IS,Gas,RUNEX,CAT,NH3,0.000105726112008
2044,     ,Orange (SC),UBUS,Gas,RUNEX,CAT,NH3,0.001122981568
2044,     ,Orange (SC),UBUS,NG,RUNEX,DSL,NH3,0.104428769525
2044,     ,Placer (LT),LDA,Dsl,RUNEX,DSL,NH3,2.18106136863e-05
2044,     ,Placer (LT),LDA,Gas,RUNEX,CAT,NH3,0.0235098206827
2044,     ,Placer (LT),LDT1,Dsl,RUNEX,DSL,NH3,2.57140735447e-08
2044,     ,Placer (LT),LDT1,Gas,RUNEX,CAT,NH3,0.00255016527528
2044,     ,Placer (LT),LDT2,Dsl,RUNEX,DSL,NH3,6.28215876955e-06
2044,     ,Placer (LT),LDT2,Gas,RUNEX,CAT,NH3,0.00805974116815
2044,     ,Placer (LT),LHD1,Dsl,RUNEX,DSL,NH3,0.0024756693467
2044,     ,Placer (LT),LHD1,Gas,RUNEX,CAT,NH3,0.000499655900817
2044,     ,Placer (LT),LHD2,Dsl,RUNEX,DSL,NH3,0.00103316742774
2044,     ,Placer (LT),LHD2,Gas,RUNEX,CAT,NH3,7.68328499687e-05
2044,     ,Placer (LT),MCY,Gas,RUNEX,CAT,NH3,5.85161077644e-05
2044,     ,Placer (LT),MDV,Dsl,RUNEX,DSL,NH3,1.36118355672e-05
2044,     ,Placer (LT),MDV,Gas,RUNEX,CAT,NH3,0.00496228975588
2044,     ,Placer (LT),MH,Dsl,RUNEX,DSL,NH3,4.98044094175e-05
2044,     ,Placer (LT),MH,Gas,RUNEX,CAT,NH3,2.34602200361e-05
2044,     ,Placer (LT),OBUS,Gas,RUNEX,CAT,NH3,2.45599984424e-05
2044,     ,Placer (LT),SBUS,Gas,RUNEX,CAT,NH3,1.22243419603e-05
2044,     ,Placer (LT),T6TS,Gas,RUNEX,CAT,NH3,0.000163778165479
2044,     ,Placer (LT),T7IS,Gas,RUNEX,CAT,NH3,1.49020853407e-06
2044,     ,Placer (MC),LDA,Dsl,RUNEX,DSL,NH3,3.81664861691e-05
2044,     ,Placer (MC),LDA,Gas,RUNEX,CAT,NH3,0.0413832634357
2044,     ,Placer (MC),LDT1,Dsl,RUNEX,DSL,NH3,4.46866252358e-08
2044,     ,Placer (MC),LDT1,Gas,RUNEX,CAT,NH3,0.00443966565215
2044,     ,Placer (MC),LDT2,Dsl,RUNEX,DSL,NH3,1.02598025801e-05
2044,     ,Placer (MC),LDT2,Gas,RUNEX,CAT,NH3,0.01339329857
2044,     ,Placer (MC),LHD1,Dsl,RUNEX,DSL,NH3,0.00441578895105
2044,     ,Placer (MC),LHD1,Gas,RUNEX,CAT,NH3,0.000861714562655
2044,     ,Placer (MC),LHD2,Dsl,RUNEX,DSL,NH3,0.0017425710039
2044,     ,Placer (MC),LHD2,Gas,RUNEX,CAT,NH3,0.000135303540614
2044,     ,Placer (MC),MCY,Gas,RUNEX,CAT,NH3,9.7047219045e-05
2044,     ,Placer (MC),MDV,Dsl,RUNEX,DSL,NH3,2.1965503516e-05
2044,     ,Placer (MC),MDV,Gas,RUNEX,CAT,NH3,0.00814489685076
2044,     ,Placer (MC),MH,Dsl,RUNEX,DSL,NH3,8.98971276157e-05
2044,     ,Placer (MC),MH,Gas,RUNEX,CAT,NH3,4.27970115721e-05
2044,     ,Placer (MC),OBUS,Gas,RUNEX,CAT,NH3,3.94222191053e-05
2044,     ,Placer (MC),SBUS,Gas,RUNEX,CAT,NH3,2.80094603138e-05
2044,     ,Placer (MC),T6TS,Gas,RUNEX,CAT,NH3,0.00024376895764
2044,     ,Placer (MC),T7IS,Gas,RUNEX,CAT,NH3,2.24324338857e-06
2044,     ,Placer (SV),LDA,Dsl,RUNEX,DSL,NH3,0.000212803069019
2044,     ,Placer (SV),LDA,Gas,RUNEX,CAT,NH3,0.230786469569
2044,     ,Placer (SV),LDT1,Dsl,RUNEX,DSL,NH3,3.57986198844e-07
2044,     ,Placer (SV),LDT1,Gas,RUNEX,CAT,NH3,0.03511752328
2044,     ,Placer (SV),LDT2,Dsl,RUNEX,DSL,NH3,8.74745602565e-05
2044,     ,Placer (SV),LDT2,Gas,RUNEX,CAT,NH3,0.113906849912
2044,     ,Placer (SV),LHD1,Dsl,RUNEX,DSL,NH3,0.0301221884901
2044,     ,Placer (SV),LHD1,Gas,RUNEX,CAT,NH3,0.0060154589261
2044,     ,Placer (SV),LHD2,Dsl,RUNEX,DSL,NH3,0.0118878777952
2044,     ,Placer (SV),LHD2,Gas,RUNEX,CAT,NH3,0.000930600976301
2044,     ,Placer (SV),MCY,Gas,RUNEX,CAT,NH3,0.000510084763983
2044,     ,Placer (SV),MDV,Dsl,RUNEX,DSL,NH3,0.000170515429582
2044,     ,Placer (SV),MDV,Gas,RUNEX,CAT,NH3,0.0631475222308
2044,     ,Placer (SV),MH,Dsl,RUNEX,DSL,NH3,0.000637922932594
2044,     ,Placer (SV),MH,Gas,RUNEX,CAT,NH3,0.000293869765919
2044,     ,Placer (SV),OBUS,Gas,RUNEX,CAT,NH3,0.000196983157321
2044,     ,Placer (SV),SBUS,Gas,RUNEX,CAT,NH3,0.000135496888504
2044,     ,Placer (SV),T6TS,Gas,RUNEX,CAT,NH3,0.00094661147248
2044,     ,Placer (SV),T7IS,Gas,RUNEX,CAT,NH3,8.75285873616e-06
2044,     ,Placer (SV),UBUS,Dsl,RUNEX,DSL,NH3,0.00346275646629
2044,     ,Placer (SV),UBUS,Gas,RUNEX,CAT,NH3,0.00028772337103
2044,     ,Placer (SV),UBUS,NG,RUNEX,DSL,NH3,0.00424100223776
2044,     ,Plumas (MC),LDA,Dsl,RUNEX,DSL,NH3,2.28113495043e-05
2044,     ,Plumas (MC),LDA,Gas,RUNEX,CAT,NH3,0.024597145692
2044,     ,Plumas (MC),LDT1,Dsl,RUNEX,DSL,NH3,2.61832117607e-08
2044,     ,Plumas (MC),LDT1,Gas,RUNEX,CAT,NH3,0.0026480237818
2044,     ,Plumas (MC),LDT2,Dsl,RUNEX,DSL,NH3,6.67477963317e-06
2044,     ,Plumas (MC),LDT2,Gas,RUNEX,CAT,NH3,0.00863486502178
2044,     ,Plumas (MC),LHD1,Dsl,RUNEX,DSL,NH3,0.00251106907177
2044,     ,Plumas (MC),LHD1,Gas,RUNEX,CAT,NH3,0.00062018370783
2044,     ,Plumas (MC),LHD2,Dsl,RUNEX,DSL,NH3,0.000992977541184
2044,     ,Plumas (MC),LHD2,Gas,RUNEX,CAT,NH3,7.4575152565e-05
2044,     ,Plumas (MC),MCY,Gas,RUNEX,CAT,NH3,4.7290042856e-05
2044,     ,Plumas (MC),MDV,Dsl,RUNEX,DSL,NH3,1.44425167796e-05
2044,     ,Plumas (MC),MDV,Gas,RUNEX,CAT,NH3,0.00532866350185
2044,     ,Plumas (MC),MH,Dsl,RUNEX,DSL,NH3,5.01880691652e-05
2044,     ,Plumas (MC),MH,Gas,RUNEX,CAT,NH3,2.35628604455e-05
2044,     ,Plumas (MC),OBUS,Gas,RUNEX,CAT,NH3,1.82439100485e-05
2044,     ,Plumas (MC),SBUS,Gas,RUNEX,CAT,NH3,1.29584109036e-05
2044,     ,Plumas (MC),T6TS,Gas,RUNEX,CAT,NH3,0.000113357572136
2044,     ,Plumas (MC),T7IS,Gas,RUNEX,CAT,NH3,1.04161127414e-06
2044,     ,Plumas (MC),UBUS,Dsl,RUNEX,DSL,NH3,6.65844725081e-05
2044,     ,Plumas (MC),UBUS,Gas,RUNEX,CAT,NH3,1.77441776531e-05
2044,     ,Riverside (MD/MDAQMD),LDA,Dsl,RUNEX,DSL,NH3,3.05847588226e-05
2044,     ,Riverside (MD/MDAQMD),LDA,Gas,RUNEX,CAT,NH3,0.0332157247378
2044,     ,Riverside (MD/MDAQMD),LDT1,Dsl,RUNEX,DSL,NH3,3.56020755606e-08
2044,     ,Riverside (MD/MDAQMD),LDT1,Gas,RUNEX,CAT,NH3,0.00353587125057
2044,     ,Riverside (MD/MDAQMD),LDT2,Dsl,RUNEX,DSL,NH3,8.04948078564e-06
2044,     ,Riverside (MD/MDAQMD),LDT2,Gas,RUNEX,CAT,NH3,0.0105615718393
2044,     ,Riverside (MD/MDAQMD),LHD1,Dsl,RUNEX,DSL,NH3,0.00441526610519
2044,     ,Riverside (MD/MDAQMD),LHD1,Gas,RUNEX,CAT,NH3,0.000863341999291
2044,     ,Riverside (MD/MDAQMD),LHD2,Dsl,RUNEX,DSL,NH3,0.00174198338297
2044,     ,Riverside (MD/MDAQMD),LHD2,Gas,RUNEX,CAT,NH3,0.0001337142099
2044,     ,Riverside (MD/MDAQMD),MCY,Gas,RUNEX,CAT,NH3,7.69785548557e-05
2044,     ,Riverside (MD/MDAQMD),MDV,Dsl,RUNEX,DSL,NH3,1.82037843763e-05
2044,     ,Riverside (MD/MDAQMD),MDV,Gas,RUNEX,CAT,NH3,0.00675483394155
2044,     ,Riverside (MD/MDAQMD),MH,Dsl,RUNEX,DSL,NH3,9.87117689641e-05
2044,     ,Riverside (MD/MDAQMD),MH,Gas,RUNEX,CAT,NH3,4.75686154695e-05
2044,     ,Riverside (MD/MDAQMD),OBUS,Gas,RUNEX,CAT,NH3,4.90259228166e-05
2044,     ,Riverside (MD/MDAQMD),SBUS,Gas,RUNEX,CAT,NH3,3.29923171992e-05
2044,     ,Riverside (MD/MDAQMD),T6TS,Gas,RUNEX,CAT,NH3,0.000294899758879
2044,     ,Riverside (MD/MDAQMD),T7IS,Gas,RUNEX,CAT,NH3,3.26512023181e-06
2044,     ,Riverside (MD/SCAQMD),LDA,Dsl,RUNEX,DSL,NH3,2.06644117139e-05
2044,     ,Riverside (MD/SCAQMD),LDA,Gas,RUNEX,CAT,NH3,0.0224742493762
2044,     ,Riverside (MD/SCAQMD),LDT1,Dsl,RUNEX,DSL,NH3,2.50728122384e-08
2044,     ,Riverside (MD/SCAQMD),LDT1,Gas,RUNEX,CAT,NH3,0.0024915990812
2044,     ,Riverside (MD/SCAQMD),LDT2,Dsl,RUNEX,DSL,NH3,5.63788404822e-06
2044,     ,Riverside (MD/SCAQMD),LDT2,Gas,RUNEX,CAT,NH3,0.00739409155998
2044,     ,Riverside (MD/SCAQMD),LHD1,Dsl,RUNEX,DSL,NH3,0.0033009190576
2044,     ,Riverside (MD/SCAQMD),LHD1,Gas,RUNEX,CAT,NH3,0.000638477911978
2044,     ,Riverside (MD/SCAQMD),LHD2,Dsl,RUNEX,DSL,NH3,0.00127621180954
2044,     ,Riverside (MD/SCAQMD),LHD2,Gas,RUNEX,CAT,NH3,0.00010027639671
2044,     ,Riverside (MD/SCAQMD),MCY,Gas,RUNEX,CAT,NH3,4.57830784632e-05
2044,     ,Riverside (MD/SCAQMD),MDV,Dsl,RUNEX,DSL,NH3,1.235218468e-05
2044,     ,Riverside (MD/SCAQMD),MDV,Gas,RUNEX,CAT,NH3,0.00460880972855
2044,     ,Riverside (MD/SCAQMD),MH,Dsl,RUNEX,DSL,NH3,9.11536207498e-05
2044,     ,Riverside (MD/SCAQMD),MH,Gas,RUNEX,CAT,NH3,4.36952007077e-05
2044,     ,Riverside (MD/SCAQMD),OBUS,Gas,RUNEX,CAT,NH3,3.46262160996e-05
2044,     ,Riverside (MD/SCAQMD),SBUS,Gas,RUNEX,CAT,NH3,2.52503061665e-05
2044,     ,Riverside (MD/SCAQMD),T6TS,Gas,RUNEX,CAT,NH3,0.000187219696715
2044,     ,Riverside (MD/SCAQMD),T7IS,Gas,RUNEX,CAT,NH3,1.96373207379e-06
2044,     ,Riverside (SC),LDA,Dsl,RUNEX,DSL,NH3,0.00126001781508
2044,     ,Riverside (SC),LDA,Gas,RUNEX,CAT,NH3,1.36835398601
2044,     ,Riverside (SC),LDT1,Dsl,RUNEX,DSL,NH3,1.39374320133e-06
2044,     ,Riverside (SC),LDT1,Gas,RUNEX,CAT,NH3,0.138853987329
2044,     ,Riverside (SC),LDT2,Dsl,RUNEX,DSL,NH3,0.000320812861946
2044,     ,Riverside (SC),LDT2,Gas,RUNEX,CAT,NH3,0.419539747024
2044,     ,Riverside (SC),LHD1,Dsl,RUNEX,DSL,NH3,0.0871382740944
2044,     ,Riverside (SC),LHD1,Gas,RUNEX,CAT,NH3,0.0175178182652
2044,     ,Riverside (SC),LHD2,Dsl,RUNEX,DSL,NH3,0.0342344933427
2044,     ,Riverside (SC),LHD2,Gas,RUNEX,CAT,NH3,0.00269412903975
2044,     ,Riverside (SC),MCY,Gas,RUNEX,CAT,NH3,0.00189243385695
2044,     ,Riverside (SC),MDV,Dsl,RUNEX,DSL,NH3,0.000717409350572
2044,     ,Riverside (SC),MDV,Gas,RUNEX,CAT,NH3,0.267247284091
2044,     ,Riverside (SC),MH,Dsl,RUNEX,DSL,NH3,0.00259180534135
2044,     ,Riverside (SC),MH,Gas,RUNEX,CAT,NH3,0.00123156494782
2044,     ,Riverside (SC),OBUS,Gas,RUNEX,CAT,NH3,0.000762513292486
2044,     ,Riverside (SC),SBUS,Gas,RUNEX,CAT,NH3,0.000527650086136
2044,     ,Riverside (SC),T6TS,Gas,RUNEX,CAT,NH3,0.00457541820176
2044,     ,Riverside (SC),T7IS,Gas,RUNEX,CAT,NH3,5.01693236605e-05
2044,     ,Riverside (SC),UBUS,Gas,RUNEX,CAT,NH3,0.00129660639726
2044,     ,Riverside (SC),UBUS,NG,RUNEX,DSL,NH3,0.0324890167296
2044,     ,Riverside (SS),LDA,Dsl,RUNEX,DSL,NH3,0.000264281560067
2044,     ,Riverside (SS),LDA,Gas,RUNEX,CAT,NH3,0.287214321989
2044,     ,Riverside (SS),LDT1,Dsl,RUNEX,DSL,NH3,4.25211153185e-07
2044,     ,Riverside (SS),LDT1,Gas,RUNEX,CAT,NH3,0.0427820460564
2044,     ,Riverside (SS),LDT2,Dsl,RUNEX,DSL,NH3,9.76556793975e-05
2044,     ,Riverside (SS),LDT2,Gas,RUNEX,CAT,NH3,0.127857834518
2044,     ,Riverside (SS),LHD1,Dsl,RUNEX,DSL,NH3,0.0302518301933
2044,     ,Riverside (SS),LHD1,Gas,RUNEX,CAT,NH3,0.00612890933126
2044,     ,Riverside (SS),LHD2,Dsl,RUNEX,DSL,NH3,0.011801844875
2044,     ,Riverside (SS),LHD2,Gas,RUNEX,CAT,NH3,0.000957548408269
2044,     ,Riverside (SS),MCY,Gas,RUNEX,CAT,NH3,0.000983176702679
2044,     ,Riverside (SS),MDV,Dsl,RUNEX,DSL,NH3,0.000230353049076
2044,     ,Riverside (SS),MDV,Gas,RUNEX,CAT,NH3,0.0861063098348
2044,     ,Riverside (SS),MH,Dsl,RUNEX,DSL,NH3,0.00086451662003
2044,     ,Riverside (SS),MH,Gas,RUNEX,CAT,NH3,0.000399134090742
2044,     ,Riverside (SS),OBUS,Gas,RUNEX,CAT,NH3,0.000488712113729
2044,     ,Riverside (SS),SBUS,Gas,RUNEX,CAT,NH3,0.000338754317647
2044,     ,Riverside (SS),T6TS,Gas,RUNEX,CAT,NH3,0.00626553043454
2044,     ,Riverside (SS),T7IS,Gas,RUNEX,CAT,NH3,5.26541799404e-05
2044,     ,Riverside (SS),UBUS,NG,RUNEX,DSL,NH3,0.0188851280396
2044,     ,Sacramento (SV),LDA,Dsl,RUNEX,DSL,NH3,0.000972293224633
2044,     ,Sacramento (SV),LDA,Gas,RUNEX,CAT,NH3,1.05609203737
2044,     ,Sacramento (SV),LDT1,Dsl,RUNEX,DSL,NH3,1.08166582112e-06
2044,     ,Sacramento (SV),LDT1,Gas,RUNEX,CAT,NH3,0.101778903992
2044,     ,Sacramento (SV),LDT2,Dsl,RUNEX,DSL,NH3,0.00025187484172
2044,     ,Sacramento (SV),LDT2,Gas,RUNEX,CAT,NH3,0.328764437967
2044,     ,Sacramento (SV),LHD1,Dsl,RUNEX,DSL,NH3,0.0933863357584
2044,     ,Sacramento (SV),LHD1,Gas,RUNEX,CAT,NH3,0.0190074338477
2044,     ,Sacramento (SV),LHD2,Dsl,RUNEX,DSL,NH3,0.0364499682066
2044,     ,Sacramento (SV),LHD2,Gas,RUNEX,CAT,NH3,0.00291426301825
2044,     ,Sacramento (SV),MCY,Gas,RUNEX,CAT,NH3,0.00193504142185
2044,     ,Sacramento (SV),MDV,Dsl,RUNEX,DSL,NH3,0.000533661899663
2044,     ,Sacramento (SV),MDV,Gas,RUNEX,CAT,NH3,0.198754211318
2044,     ,Sacramento (SV),MH,Dsl,RUNEX,DSL,NH3,0.00188749636492
2044,     ,Sacramento (SV),MH,Gas,RUNEX,CAT,NH3,0.000909117499622
2044,     ,Sacramento (SV),OBUS,Gas,RUNEX,CAT,NH3,0.000762774361116
2044,     ,Sacramento (SV),SBUS,Gas,RUNEX,CAT,NH3,0.000518112830744
2044,     ,Sacramento (SV),T6TS,Gas,RUNEX,CAT,NH3,0.00361565265458
2044,     ,Sacramento (SV),T7IS,Gas,RUNEX,CAT,NH3,3.31770678676e-05
2044,     ,Sacramento (SV),UBUS,Gas,RUNEX,CAT,NH3,0.00159098422508
2044,     ,Sacramento (SV),UBUS,NG,RUNEX,DSL,NH3,0.0928401317374
2044,     ,San Benito (NCC),LDA,Dsl,RUNEX,DSL,NH3,3.81953427613e-05
2044,     ,San Benito (NCC),LDA,Gas,RUNEX,CAT,NH3,0.0414223705425
2044,     ,San Benito (NCC),LDT1,Dsl,RUNEX,DSL,NH3,3.84294912773e-08
2044,     ,San Benito (NCC),LDT1,Gas,RUNEX,CAT,NH3,0.00380792275747
2044,     ,San Benito (NCC),LDT2,Dsl,RUNEX,DSL,NH3,9.69649032738e-06
2044,     ,San Benito (NCC),LDT2,Gas,RUNEX,CAT,NH3,0.0126302165165
2044,     ,San Benito (NCC),LHD1,Dsl,RUNEX,DSL,NH3,0.00318131951078
2044,     ,San Benito (NCC),LHD1,Gas,RUNEX,CAT,NH3,0.000721480108094
2044,     ,San Benito (NCC),LHD2,Dsl,RUNEX,DSL,NH3,0.00126816580049
2044,     ,San Benito (NCC),LHD2,Gas,RUNEX,CAT,NH3,9.54759026917e-05
2044,     ,San Benito (NCC),MCY,Gas,RUNEX,CAT,NH3,8.69501469597e-05
2044,     ,San Benito (NCC),MDV,Dsl,RUNEX,DSL,NH3,2.09846356264e-05
2044,     ,San Benito (NCC),MDV,Gas,RUNEX,CAT,NH3,0.00771420228564
2044,     ,San Benito (NCC),MH,Dsl,RUNEX,DSL,NH3,6.61914766439e-05
2044,     ,San Benito (NCC),MH,Gas,RUNEX,CAT,NH3,3.05595773559e-05
2044,     ,San Benito (NCC),OBUS,Gas,RUNEX,CAT,NH3,3.3464399933e-05
2044,     ,San Benito (NCC),SBUS,Gas,RUNEX,CAT,NH3,2.3237910062e-05
2044,     ,San Benito (NCC),T6TS,Gas,RUNEX,CAT,NH3,0.000161574014244
2044,     ,San Benito (NCC),T7IS,Gas,RUNEX,CAT,NH3,1.49321683151e-06
2044,     ,San Benito (NCC),UBUS,Dsl,RUNEX,DSL,NH3,2.47421280714e-05
2044,     ,San Benito (NCC),UBUS,Gas,RUNEX,CAT,NH3,6.65310969153e-05
2044,     ,San Benito (NCC),UBUS,NG,RUNEX,DSL,NH3,0.000190908010914
2044,     ,San Bernardino (MD),LDA,Dsl,RUNEX,DSL,NH3,0.000660129397391
2044,     ,San Bernardino (MD),LDA,Gas,RUNEX,CAT,NH3,0.717040814079
2044,     ,San Bernardino (MD),LDT1,Dsl,RUNEX,DSL,NH3,7.39515844863e-07
2044,     ,San Bernardino (MD),LDT1,Gas,RUNEX,CAT,NH3,0.0735138371126
2044,     ,San Bernardino (MD),LDT2,Dsl,RUNEX,DSL,NH3,0.00016859308945
2044,     ,San Bernardino (MD),LDT2,Gas,RUNEX,CAT,NH3,0.220189128344
2044,     ,San Bernardino (MD),LHD1,Dsl,RUNEX,DSL,NH3,0.0968500050058
2044,     ,San Bernardino (MD),LHD1,Gas,RUNEX,CAT,NH3,0.0191060504424
2044,     ,San Bernardino (MD),LHD2,Dsl,RUNEX,DSL,NH3,0.0380703606475
2044,     ,San Bernardino (MD),LHD2,Gas,RUNEX,CAT,NH3,0.00298874847324
2044,     ,San Bernardino (MD),MCY,Gas,RUNEX,CAT,NH3,0.00227966714221
2044,     ,San Bernardino (MD),MDV,Dsl,RUNEX,DSL,NH3,0.000381138657229
2044,     ,San Bernardino (MD),MDV,Gas,RUNEX,CAT,NH3,0.141982737353
2044,     ,San Bernardino (MD),MH,Dsl,RUNEX,DSL,NH3,0.0018134847664
2044,     ,San Bernardino (MD),MH,Gas,RUNEX,CAT,NH3,0.000865161106479
2044,     ,San Bernardino (MD),OBUS,Gas,RUNEX,CAT,NH3,0.000971628476797
2044,     ,San Bernardino (MD),SBUS,Gas,RUNEX,CAT,NH3,0.000680775154095
2044,     ,San Bernardino (MD),T6TS,Gas,RUNEX,CAT,NH3,0.00861730779267
2044,     ,San Bernardino (MD),T7IS,Gas,RUNEX,CAT,NH3,0.000103898523759
2044,     ,San Bernardino (MD),UBUS,Gas,RUNEX,CAT,NH3,0.000268494377689
2044,     ,San Bernardino (MD),UBUS,NG,RUNEX,DSL,NH3,0.0127810677836
2044,     ,San Bernardino (SC),LDA,Dsl,RUNEX,DSL,NH3,0.00101099435431
2044,     ,San Bernardino (SC),LDA,Gas,RUNEX,CAT,NH3,1.09927531859
2044,     ,San Bernardino (SC),LDT1,Dsl,RUNEX,DSL,NH3,1.07639450489e-06
2044,     ,San Bernardino (SC),LDT1,Gas,RUNEX,CAT,NH3,0.106993421886
2044,     ,San Bernardino (SC),LDT2,Dsl,RUNEX,DSL,NH3,0.000246878084833
2044,     ,San Bernardino (SC),LDT2,Gas,RUNEX,CAT,NH3,0.322887198046
2044,     ,San Bernardino (SC),LHD1,Dsl,RUNEX,DSL,NH3,0.0600967860247
2044,     ,San Bernardino (SC),LHD1,Gas,RUNEX,CAT,NH3,0.0121669763937
2044,     ,San Bernardino (SC),LHD2,Dsl,RUNEX,DSL,NH3,0.0234999006671
2044,     ,San Bernardino (SC),LHD2,Gas,RUNEX,CAT,NH3,0.00189071560836
2044,     ,San Bernardino (SC),MCY,Gas,RUNEX,CAT,NH3,0.00149114225132
2044,     ,San Bernardino (SC),MDV,Dsl,RUNEX,DSL,NH3,0.000574052160554
2044,     ,San Bernardino (SC),MDV,Gas,RUNEX,CAT,NH3,0.214437060644
2044,     ,San Bernardino (SC),MH,Dsl,RUNEX,DSL,NH3,0.00246939554106
2044,     ,San Bernardino (SC),MH,Gas,RUNEX,CAT,NH3,0.00117680024306
2044,     ,San Bernardino (SC),OBUS,Gas,RUNEX,CAT,NH3,0.000870549023406
2044,     ,San Bernardino (SC),SBUS,Gas,RUNEX,CAT,NH3,0.00060416797189
2044,     ,San Bernardino (SC),T6TS,Gas,RUNEX,CAT,NH3,0.00461550821279
2044,     ,San Bernardino (SC),T7IS,Gas,RUNEX,CAT,NH3,5.0019341897e-05
2044,     ,San Bernardino (SC),UBUS,Gas,RUNEX,CAT,NH3,0.000731244219593
2044,     ,San Bernardino (SC),UBUS,NG,RUNEX,DSL,NH3,0.0340486208297
2044,     ,San Diego (SD),LDA,Dsl,RUNEX,DSL,NH3,0.00221682172171
2044,     ,San Diego (SD),LDA,Gas,RUNEX,CAT,NH3,2.40367749185
2044,     ,San Diego (SD),LDT1,Dsl,RUNEX,DSL,NH3,2.45420104214e-06
2044,     ,San Diego (SD),LDT1,Gas,RUNEX,CAT,NH3,0.243687029696
2044,     ,San Diego (SD),LDT2,Dsl,RUNEX,DSL,NH3,0.000521303183735
2044,     ,San Diego (SD),LDT2,Gas,RUNEX,CAT,NH3,0.679665753114
2044,     ,San Diego (SD),LHD1,Dsl,RUNEX,DSL,NH3,0.28426398677
2044,     ,San Diego (SD),LHD1,Gas,RUNEX,CAT,NH3,0.0504655859581
2044,     ,San Diego (SD),LHD2,Dsl,RUNEX,DSL,NH3,0.111031434311
2044,     ,San Diego (SD),LHD2,Gas,RUNEX,CAT,NH3,0.00885399841209
2044,     ,San Diego (SD),MCY,Gas,RUNEX,CAT,NH3,0.00519164980513
2044,     ,San Diego (SD),MDV,Dsl,RUNEX,DSL,NH3,0.00117353500979
2044,     ,San Diego (SD),MDV,Gas,RUNEX,CAT,NH3,0.435475384111
2044,     ,San Diego (SD),MH,Dsl,RUNEX,DSL,NH3,0.00591926372928
2044,     ,San Diego (SD),MH,Gas,RUNEX,CAT,NH3,0.00279822149817
2044,     ,San Diego (SD),OBUS,Gas,RUNEX,CAT,NH3,0.00240377328883
2044,     ,San Diego (SD),SBUS,Gas,RUNEX,CAT,NH3,0.00170311035043
2044,     ,San Diego (SD),T6TS,Gas,RUNEX,CAT,NH3,0.0116044458027
2044,     ,San Diego (SD),T7IS,Gas,RUNEX,CAT,NH3,0.000107617579628
2044,     ,San Diego (SD),UBUS,Gas,RUNEX,CAT,NH3,0.0032729171306
2044,     ,San Diego (SD),UBUS,NG,RUNEX,DSL,NH3,0.202488555512
2044,     ,San Francisco (SF),LDA,Dsl,RUNEX,DSL,NH3,0.000246724448436
2044,     ,San Francisco (SF),LDA,Gas,RUNEX,CAT,NH3,0.267298843056
2044,     ,San Francisco (SF),LDT1,Dsl,RUNEX,DSL,NH3,2.78270535211e-07
2044,     ,San Francisco (SF),LDT1,Gas,RUNEX,CAT,NH3,0.0274030646598
2044,     ,San Francisco (SF),LDT2,Dsl,RUNEX,DSL,NH3,6.51138772287e-05
2044,     ,San Francisco (SF),LDT2,Gas,RUNEX,CAT,NH3,0.0839862835746
2044,     ,San Francisco (SF),LHD1,Dsl,RUNEX,DSL,NH3,0.0323676212578
2044,     ,San Francisco (SF),LHD1,Gas,RUNEX,CAT,NH3,0.00676315516875
2044,     ,San Francisco (SF),LHD2,Dsl,RUNEX,DSL,NH3,0.0126163180814
2044,     ,San Francisco (SF),LHD2,Gas,RUNEX,CAT,NH3,0.00101396320306
2044,     ,San Francisco (SF),MCY,Gas,RUNEX,CAT,NH3,0.000646700169543
2044,     ,San Francisco (SF),MDV,Dsl,RUNEX,DSL,NH3,0.000155213723844
2044,     ,San Francisco (SF),MDV,Gas,RUNEX,CAT,NH3,0.05739251867
2044,     ,San Francisco (SF),MH,Dsl,RUNEX,DSL,NH3,0.000647248120672
2044,     ,San Francisco (SF),MH,Gas,RUNEX,CAT,NH3,0.000311139038863
2044,     ,San Francisco (SF),OBUS,Gas,RUNEX,CAT,NH3,0.000274314578983
2044,     ,San Francisco (SF),SBUS,Gas,RUNEX,CAT,NH3,0.0001869110553
2044,     ,San Francisco (SF),T6TS,Gas,RUNEX,CAT,NH3,0.00127850085345
2044,     ,San Francisco (SF),T7IS,Gas,RUNEX,CAT,NH3,1.18050880049e-05
2044,     ,San Francisco (SF),UBUS,Dsl,RUNEX,DSL,NH3,0.0111662457911
2044,     ,San Francisco (SF),UBUS,NG,RUNEX,DSL,NH3,0.0198930358388
2044,     ,San Joaquin (SJV),LDA,Dsl,RUNEX,DSL,NH3,0.000528628942165
2044,     ,San Joaquin (SJV),LDA,Gas,RUNEX,CAT,NH3,0.574519653119
2044,     ,San Joaquin (SJV),LDT1,Dsl,RUNEX,DSL,NH3,5.55422998255e-07
2044,     ,San Joaquin (SJV),LDT1,Gas,RUNEX,CAT,NH3,0.0548644575706
2044,     ,San Joaquin (SJV),LDT2,Dsl,RUNEX,DSL,NH3,0.000131449702691
2044,     ,San Joaquin (SJV),LDT2,Gas,RUNEX,CAT,NH3,0.171620729213
2044,     ,San Joaquin (SJV),LHD1,Dsl,RUNEX,DSL,NH3,0.0437611931276
2044,     ,San Joaquin (SJV),LHD1,Gas,RUNEX,CAT,NH3,0.00976582830944
2044,     ,San Joaquin (SJV),LHD2,Dsl,RUNEX,DSL,NH3,0.0171254685255
2044,     ,San Joaquin (SJV),LHD2,Gas,RUNEX,CAT,NH3,0.00134711635289
2044,     ,San Joaquin (SJV),MCY,Gas,RUNEX,CAT,NH3,0.000876468823396
2044,     ,San Joaquin (SJV),MDV,Dsl,RUNEX,DSL,NH3,0.000280837621123
2044,     ,San Joaquin (SJV),MDV,Gas,RUNEX,CAT,NH3,0.104341863698
2044,     ,San Joaquin (SJV),MH,Dsl,RUNEX,DSL,NH3,0.000886032977615
2044,     ,San Joaquin (SJV),MH,Gas,RUNEX,CAT,NH3,0.000422548789637
2044,     ,San Joaquin (SJV),OBUS,Gas,RUNEX,CAT,NH3,0.000371680685882
2044,     ,San Joaquin (SJV),SBUS,Gas,RUNEX,CAT,NH3,0.00025689075007
2044,     ,San Joaquin (SJV),T6TS,Gas,RUNEX,CAT,NH3,0.00179650688937
2044,     ,San Joaquin (SJV),T7IS,Gas,RUNEX,CAT,NH3,1.66275063375e-05
2044,     ,San Joaquin (SJV),UBUS,Dsl,RUNEX,DSL,NH3,0.000808794797351
2044,     ,San Joaquin (SJV),UBUS,Gas,RUNEX,CAT,NH3,0.000100354068089
2044,     ,San Joaquin (SJV),UBUS,NG,RUNEX,DSL,NH3,0.0143660862901
2044,     ,San Luis Obispo (SCC),LDA,Dsl,RUNEX,DSL,NH3,0.0001507540015
2044,     ,San Luis Obispo (SCC),LDA,Gas,RUNEX,CAT,NH3,0.162476757792
2044,     ,San Luis Obispo (SCC),LDT1,Dsl,RUNEX,DSL,NH3,1.70825376744e-07
2044,     ,San Luis Obispo (SCC),LDT1,Gas,RUNEX,CAT,NH3,0.0171067361831
2044,     ,San Luis Obispo (SCC),LDT2,Dsl,RUNEX,DSL,NH3,4.29863391694e-05
2044,     ,San Luis Obispo (SCC),LDT2,Gas,RUNEX,CAT,NH3,0.0556732273401
2044,     ,San Luis Obispo (SCC),LHD1,Dsl,RUNEX,DSL,NH3,0.0157844815665
2044,     ,San Luis Obispo (SCC),LHD1,Gas,RUNEX,CAT,NH3,0.00349562326076
2044,     ,San Luis Obispo (SCC),LHD2,Dsl,RUNEX,DSL,NH3,0.00629289847172
2044,     ,San Luis Obispo (SCC),LHD2,Gas,RUNEX,CAT,NH3,0.000476528386802
2044,     ,San Luis Obispo (SCC),MCY,Gas,RUNEX,CAT,NH3,0.000281187806483
2044,     ,San Luis Obispo (SCC),MDV,Dsl,RUNEX,DSL,NH3,9.44657038137e-05
2044,     ,San Luis Obispo (SCC),MDV,Gas,RUNEX,CAT,NH3,0.0345758379081
2044,     ,San Luis Obispo (SCC),MH,Dsl,RUNEX,DSL,NH3,0.000343625707649
2044,     ,San Luis Obispo (SCC),MH,Gas,RUNEX,CAT,NH3,0.000153764419465
2044,     ,San Luis Obispo (SCC),OBUS,Gas,RUNEX,CAT,NH3,0.000115755263634
2044,     ,San Luis Obispo (SCC),SBUS,Gas,RUNEX,CAT,NH3,7.85891014981e-05
2044,     ,San Luis Obispo (SCC),T6TS,Gas,RUNEX,CAT,NH3,0.000546645176913
2044,     ,San Luis Obispo (SCC),T7IS,Gas,RUNEX,CAT,NH3,5.04732448084e-06
2044,     ,San Luis Obispo (SCC),UBUS,Dsl,RUNEX,DSL,NH3,0.00173532402627
2044,     ,San Luis Obispo (SCC),UBUS,Gas,RUNEX,CAT,NH3,0.0001380099571
2044,     ,San Mateo (SF),LDA,Dsl,RUNEX,DSL,NH3,0.000322824056297
2044,     ,San Mateo (SF),LDA,Gas,RUNEX,CAT,NH3,0.350222656854
2044,     ,San Mateo (SF),LDT1,Dsl,RUNEX,DSL,NH3,7.02455581171e-07
2044,     ,San Mateo (SF),LDT1,Gas,RUNEX,CAT,NH3,0.0692046108136
2044,     ,San Mateo (SF),LDT2,Dsl,RUNEX,DSL,NH3,0.000162606941174
2044,     ,San Mateo (SF),LDT2,Gas,RUNEX,CAT,NH3,0.211641597607
2044,     ,San Mateo (SF),LHD1,Dsl,RUNEX,DSL,NH3,0.076679704454
2044,     ,San Mateo (SF),LHD1,Gas,RUNEX,CAT,NH3,0.0157721237374
2044,     ,San Mateo (SF),LHD2,Dsl,RUNEX,DSL,NH3,0.0298399732979
2044,     ,San Mateo (SF),LHD2,Gas,RUNEX,CAT,NH3,0.00238619994577
2044,     ,San Mateo (SF),MCY,Gas,RUNEX,CAT,NH3,0.00181093358839
2044,     ,San Mateo (SF),MDV,Dsl,RUNEX,DSL,NH3,0.000366614688553
2044,     ,San Mateo (SF),MDV,Gas,RUNEX,CAT,NH3,0.135915353721
2044,     ,San Mateo (SF),MH,Dsl,RUNEX,DSL,NH3,0.00154577717639
2044,     ,San Mateo (SF),MH,Gas,RUNEX,CAT,NH3,0.000740567668557
2044,     ,San Mateo (SF),OBUS,Gas,RUNEX,CAT,NH3,0.000755471860574
2044,     ,San Mateo (SF),SBUS,Gas,RUNEX,CAT,NH3,0.00054298370064
2044,     ,San Mateo (SF),T6TS,Gas,RUNEX,CAT,NH3,0.00366298043719
2044,     ,San Mateo (SF),T7IS,Gas,RUNEX,CAT,NH3,3.4025901839e-05
2044,     ,San Mateo (SF),UBUS,Dsl,RUNEX,DSL,NH3,0.00469728802177
2044,     ,San Mateo (SF),UBUS,Gas,RUNEX,CAT,NH3,4.62109679545e-05
2044,     ,San Mateo (SF),UBUS,NG,RUNEX,DSL,NH3,0.0083683738214
2044,     ,Santa Barbara (SCC),LDA,Dsl,RUNEX,DSL,NH3,0.000275019583941
2044,     ,Santa Barbara (SCC),LDA,Gas,RUNEX,CAT,NH3,0.297426412789
2044,     ,Santa Barbara (SCC),LDT1,Dsl,RUNEX,DSL,NH3,3.3607441953e-07
2044,     ,Santa Barbara (SCC),LDT1,Gas,RUNEX,CAT,NH3,0.0333067773603
2044,     ,Santa Barbara (SCC),LDT2,Dsl,RUNEX,DSL,NH3,8.53664849194e-05
2044,     ,Santa Barbara (SCC),LDT2,Gas,RUNEX,CAT,NH3,0.110505839252
2044,     ,Santa Barbara (SCC),LHD1,Dsl,RUNEX,DSL,NH3,0.0289477384856
2044,     ,Santa Barbara (SCC),LHD1,Gas,RUNEX,CAT,NH3,0.00680692817767
2044,     ,Santa Barbara (SCC),LHD2,Dsl,RUNEX,DSL,NH3,0.0113471030447
2044,     ,Santa Barbara (SCC),LHD2,Gas,RUNEX,CAT,NH3,0.000904976338279
2044,     ,Santa Barbara (SCC),MCY,Gas,RUNEX,CAT,NH3,0.000737638760814
2044,     ,Santa Barbara (SCC),MDV,Dsl,RUNEX,DSL,NH3,0.000185470348122
2044,     ,Santa Barbara (SCC),MDV,Gas,RUNEX,CAT,NH3,0.0687589629851
2044,     ,Santa Barbara (SCC),MH,Dsl,RUNEX,DSL,NH3,0.000600121779338
2044,     ,Santa Barbara (SCC),MH,Gas,RUNEX,CAT,NH3,0.00028042509322
2044,     ,Santa Barbara (SCC),OBUS,Gas,RUNEX,CAT,NH3,0.000289538833463
2044,     ,Santa Barbara (SCC),SBUS,Gas,RUNEX,CAT,NH3,0.000201335197354
2044,     ,Santa Barbara (SCC),T6TS,Gas,RUNEX,CAT,NH3,0.00136872939928
2044,     ,Santa Barbara (SCC),T7IS,Gas,RUNEX,CAT,NH3,1.26247840576e-05
2044,     ,Santa Barbara (SCC),UBUS,Dsl,RUNEX,DSL,NH3,0.00222768093455
2044,     ,Santa Barbara (SCC),UBUS,Gas,RUNEX,CAT,NH3,0.000149686889173
2044,     ,Santa Barbara (SCC),UBUS,NG,RUNEX,DSL,NH3,0.00589322865413
2044,     ,Santa Clara (SF),LDA,Dsl,RUNEX,DSL,NH3,0.00120207581146
2044,     ,Santa Clara (SF),LDA,Gas,RUNEX,CAT,NH3,1.30513609137
2044,     ,Santa Clara (SF),LDT1,Dsl,RUNEX,DSL,NH3,1.25535856492e-06
2044,     ,Santa Clara (SF),LDT1,Gas,RUNEX,CAT,NH3,0.124116895289
2044,     ,Santa Clara (SF),LDT2,Dsl,RUNEX,DSL,NH3,0.000292059618048
2044,     ,Santa Clara (SF),LDT2,Gas,RUNEX,CAT,NH3,0.380478643031
2044,     ,Santa Clara (SF),LHD1,Dsl,RUNEX,DSL,NH3,0.134098192124
2044,     ,Santa Clara (SF),LHD1,Gas,RUNEX,CAT,NH3,0.0277102952914
2044,     ,Santa Clara (SF),LHD2,Dsl,RUNEX,DSL,NH3,0.0523509928353
2044,     ,Santa Clara (SF),LHD2,Gas,RUNEX,CAT,NH3,0.00417641568758
2044,     ,Santa Clara (SF),MCY,Gas,RUNEX,CAT,NH3,0.00257184033563
2044,     ,Santa Clara (SF),MDV,Dsl,RUNEX,DSL,NH3,0.000637948771497
2044,     ,Santa Clara (SF),MDV,Gas,RUNEX,CAT,NH3,0.236909927827
2044,     ,Santa Clara (SF),MH,Dsl,RUNEX,DSL,NH3,0.00272801760368
2044,     ,Santa Clara (SF),MH,Gas,RUNEX,CAT,NH3,0.00130622858026
2044,     ,Santa Clara (SF),OBUS,Gas,RUNEX,CAT,NH3,0.00106743692683
2044,     ,Santa Clara (SF),SBUS,Gas,RUNEX,CAT,NH3,0.000746027312951
2044,     ,Santa Clara (SF),T6TS,Gas,RUNEX,CAT,NH3,0.0051382456889
2044,     ,Santa Clara (SF),T7IS,Gas,RUNEX,CAT,NH3,4.75972067566e-05
2044,     ,Santa Clara (SF),UBUS,Dsl,RUNEX,DSL,NH3,0.0102091721779
2044,     ,Santa Clara (SF),UBUS,Gas,RUNEX,CAT,NH3,5.2841231689e-05
2044,     ,Santa Clara (SF),UBUS,NG,RUNEX,DSL,NH3,0.0181879775726
2044,     ,Santa Cruz (NCC),LDA,Dsl,RUNEX,DSL,NH3,0.000109200874241
2044,     ,Santa Cruz (NCC),LDA,Gas,RUNEX,CAT,NH3,0.11731333414
2044,     ,Santa Cruz (NCC),LDT1,Dsl,RUNEX,DSL,NH3,1.1948322673e-07
2044,     ,Santa Cruz (NCC),LDT1,Gas,RUNEX,CAT,NH3,0.0118873835561
2044,     ,Santa Cruz (NCC),LDT2,Dsl,RUNEX,DSL,NH3,3.02428276429e-05
2044,     ,Santa Cruz (NCC),LDT2,Gas,RUNEX,CAT,NH3,0.0393929504516
2044,     ,Santa Cruz (NCC),LHD1,Dsl,RUNEX,DSL,NH3,0.00993482682503
2044,     ,Santa Cruz (NCC),LHD1,Gas,RUNEX,CAT,NH3,0.0023605986047
2044,     ,Santa Cruz (NCC),LHD2,Dsl,RUNEX,DSL,NH3,0.00391384047284
2044,     ,Santa Cruz (NCC),LHD2,Gas,RUNEX,CAT,NH3,0.0003080068195
2044,     ,Santa Cruz (NCC),MCY,Gas,RUNEX,CAT,NH3,0.000211832993609
2044,     ,Santa Cruz (NCC),MDV,Dsl,RUNEX,DSL,NH3,6.43852221561e-05
2044,     ,Santa Cruz (NCC),MDV,Gas,RUNEX,CAT,NH3,0.0239280388568
2044,     ,Santa Cruz (NCC),MH,Dsl,RUNEX,DSL,NH3,0.000212292155836
2044,     ,Santa Cruz (NCC),MH,Gas,RUNEX,CAT,NH3,9.68147610628e-05
2044,     ,Santa Cruz (NCC),OBUS,Gas,RUNEX,CAT,NH3,8.25641958911e-05
2044,     ,Santa Cruz (NCC),SBUS,Gas,RUNEX,CAT,NH3,5.7203460944e-05
2044,     ,Santa Cruz (NCC),T6TS,Gas,RUNEX,CAT,NH3,0.000387519073366
2044,     ,Santa Cruz (NCC),T7IS,Gas,RUNEX,CAT,NH3,3.58366086693e-06
2044,     ,Santa Cruz (NCC),UBUS,Dsl,RUNEX,DSL,NH3,0.00142478367541
2044,     ,Santa Cruz (NCC),UBUS,Gas,RUNEX,CAT,NH3,1.25619490085e-05
2044,     ,Santa Cruz (NCC),UBUS,NG,RUNEX,DSL,NH3,0.0109935013137
2044,     ,Shasta (SV),LDA,Dsl,RUNEX,DSL,NH3,0.000143435087485
2044,     ,Shasta (SV),LDA,Gas,RUNEX,CAT,NH3,0.155572596791
2044,     ,Shasta (SV),LDT1,Dsl,RUNEX,DSL,NH3,1.57340169421e-07
2044,     ,Shasta (SV),LDT1,Gas,RUNEX,CAT,NH3,0.0156193681558
2044,     ,Shasta (SV),LDT2,Dsl,RUNEX,DSL,NH3,3.74194211438e-05
2044,     ,Shasta (SV),LDT2,Gas,RUNEX,CAT,NH3,0.0489074280493
2044,     ,Shasta (SV),LHD1,Dsl,RUNEX,DSL,NH3,0.0155662503502
2044,     ,Shasta (SV),LHD1,Gas,RUNEX,CAT,NH3,0.00301119806403
2044,     ,Shasta (SV),LHD2,Dsl,RUNEX,DSL,NH3,0.00612206383708
2044,     ,Shasta (SV),LHD2,Gas,RUNEX,CAT,NH3,0.000463705517379
2044,     ,Shasta (SV),MCY,Gas,RUNEX,CAT,NH3,0.000276154906922
2044,     ,Shasta (SV),MDV,Dsl,RUNEX,DSL,NH3,8.16366197295e-05
2044,     ,Shasta (SV),MDV,Gas,RUNEX,CAT,NH3,0.030191556239
2044,     ,Shasta (SV),MH,Dsl,RUNEX,DSL,NH3,0.000316201808976
2044,     ,Shasta (SV),MH,Gas,RUNEX,CAT,NH3,0.000147848012365
2044,     ,Shasta (SV),OBUS,Gas,RUNEX,CAT,NH3,0.000111603216317
2044,     ,Shasta (SV),SBUS,Gas,RUNEX,CAT,NH3,7.77047679581e-05
2044,     ,Shasta (SV),T6TS,Gas,RUNEX,CAT,NH3,0.000556337168265
2044,     ,Shasta (SV),T7IS,Gas,RUNEX,CAT,NH3,5.12965328164e-06
2044,     ,Shasta (SV),UBUS,Dsl,RUNEX,DSL,NH3,0.000957157367489
2044,     ,Shasta (SV),UBUS,Gas,RUNEX,CAT,NH3,7.18269737262e-05
2044,     ,Sierra (MC),LDA,Dsl,RUNEX,DSL,NH3,8.32832918052e-06
2044,     ,Sierra (MC),LDA,Gas,RUNEX,CAT,NH3,0.00901215413871
2044,     ,Sierra (MC),LDT1,Dsl,RUNEX,DSL,NH3,9.91079421146e-09
2044,     ,Sierra (MC),LDT1,Gas,RUNEX,CAT,NH3,0.000992494474569
2044,     ,Sierra (MC),LDT2,Dsl,RUNEX,DSL,NH3,2.3056100706e-06
2044,     ,Sierra (MC),LDT2,Gas,RUNEX,CAT,NH3,0.00305065023182
2044,     ,Sierra (MC),LHD1,Dsl,RUNEX,DSL,NH3,0.000991821758622
2044,     ,Sierra (MC),LHD1,Gas,RUNEX,CAT,NH3,0.000212875605498
2044,     ,Sierra (MC),LHD2,Dsl,RUNEX,DSL,NH3,0.000397332825416
2044,     ,Sierra (MC),LHD2,Gas,RUNEX,CAT,NH3,3.02167788513e-05
2044,     ,Sierra (MC),MCY,Gas,RUNEX,CAT,NH3,1.79466277404e-05
2044,     ,Sierra (MC),MDV,Dsl,RUNEX,DSL,NH3,5.09621309069e-06
2044,     ,Sierra (MC),MDV,Gas,RUNEX,CAT,NH3,0.0018892671216
2044,     ,Sierra (MC),MH,Dsl,RUNEX,DSL,NH3,1.92994224226e-05
2044,     ,Sierra (MC),MH,Gas,RUNEX,CAT,NH3,9.5775668396e-06
2044,     ,Sierra (MC),OBUS,Gas,RUNEX,CAT,NH3,7.52220395405e-06
2044,     ,Sierra (MC),SBUS,Gas,RUNEX,CAT,NH3,5.3420980128e-06
2044,     ,Sierra (MC),T6TS,Gas,RUNEX,CAT,NH3,4.26706799398e-05
2044,     ,Sierra (MC),T7IS,Gas,RUNEX,CAT,NH3,3.95801955431e-07
2044,     ,Sierra (MC),UBUS,Dsl,RUNEX,DSL,NH3,2.45917187048e-06
2044,     ,Sierra (MC),UBUS,Gas,RUNEX,CAT,NH3,9.59289237433e-06
2044,     ,Siskiyou (NEP),LDA,Dsl,RUNEX,DSL,NH3,7.63493701738e-05
2044,     ,Siskiyou (NEP),LDA,Gas,RUNEX,CAT,NH3,0.0826141227407
2044,     ,Siskiyou (NEP),LDT1,Dsl,RUNEX,DSL,NH3,8.73161968988e-08
2044,     ,Siskiyou (NEP),LDT1,Gas,RUNEX,CAT,NH3,0.00876316579792
2044,     ,Siskiyou (NEP),LDT2,Dsl,RUNEX,DSL,NH3,2.11819461495e-05
2044,     ,Siskiyou (NEP),LDT2,Gas,RUNEX,CAT,NH3,0.0277870324635
2044,     ,Siskiyou (NEP),LHD1,Dsl,RUNEX,DSL,NH3,0.00857949197405
2044,     ,Siskiyou (NEP),LHD1,Gas,RUNEX,CAT,NH3,0.00198910055744
2044,     ,Siskiyou (NEP),LHD2,Dsl,RUNEX,DSL,NH3,0.00342682278902
2044,     ,Siskiyou (NEP),LHD2,Gas,RUNEX,CAT,NH3,0.000257115579003
2044,     ,Siskiyou (NEP),MCY,Gas,RUNEX,CAT,NH3,0.000158092700259
2044,     ,Siskiyou (NEP),MDV,Dsl,RUNEX,DSL,NH3,4.66425656244e-05
2044,     ,Siskiyou (NEP),MDV,Gas,RUNEX,CAT,NH3,0.0172528073203
2044,     ,Siskiyou (NEP),MH,Dsl,RUNEX,DSL,NH3,0.000173986815505
2044,     ,Siskiyou (NEP),MH,Gas,RUNEX,CAT,NH3,8.16674739134e-05
2044,     ,Siskiyou (NEP),OBUS,Gas,RUNEX,CAT,NH3,6.41422744107e-05
2044,     ,Siskiyou (NEP),SBUS,Gas,RUNEX,CAT,NH3,4.50229031453e-05
2044,     ,Siskiyou (NEP),T6TS,Gas,RUNEX,CAT,NH3,0.000380886031803
2044,     ,Siskiyou (NEP),T7IS,Gas,RUNEX,CAT,NH3,3.50874239657e-06
2044,     ,Siskiyou (NEP),UBUS,Dsl,RUNEX,DSL,NH3,0.000222152345939
2044,     ,Siskiyou (NEP),UBUS,Gas,RUNEX,CAT,NH3,2.13525361066e-05
2044,     ,Solano (SF),LDA,Dsl,RUNEX,DSL,NH3,0.000248385389019
2044,     ,Solano (SF),LDA,Gas,RUNEX,CAT,NH3,0.26978173212
2044,     ,Solano (SF),LDT1,Dsl,RUNEX,DSL,NH3,2.2385855821e-07
2044,     ,Solano (SF),LDT1,Gas,RUNEX,CAT,NH3,0.0218767558478
2044,     ,Solano (SF),LDT2,Dsl,RUNEX,DSL,NH3,5.13905334425e-05
2044,     ,Solano (SF),LDT2,Gas,RUNEX,CAT,NH3,0.0670299157795
2044,     ,Solano (SF),LHD1,Dsl,RUNEX,DSL,NH3,0.0227978837258
2044,     ,Solano (SF),LHD1,Gas,RUNEX,CAT,NH3,0.00471916735244
2044,     ,Solano (SF),LHD2,Dsl,RUNEX,DSL,NH3,0.00898563045555
2044,     ,Solano (SF),LHD2,Gas,RUNEX,CAT,NH3,0.000714297990973
2044,     ,Solano (SF),MCY,Gas,RUNEX,CAT,NH3,0.000460971849774
2044,     ,Solano (SF),MDV,Dsl,RUNEX,DSL,NH3,0.0001146887038
2044,     ,Solano (SF),MDV,Gas,RUNEX,CAT,NH3,0.0426801568932
2044,     ,Solano (SF),MH,Dsl,RUNEX,DSL,NH3,0.000476698212979
2044,     ,Solano (SF),MH,Gas,RUNEX,CAT,NH3,0.000224865693652
2044,     ,Solano (SF),OBUS,Gas,RUNEX,CAT,NH3,0.000192870627412
2044,     ,Solano (SF),SBUS,Gas,RUNEX,CAT,NH3,0.000132186503778
2044,     ,Solano (SF),T6TS,Gas,RUNEX,CAT,NH3,0.000912996088986
2044,     ,Solano (SF),T7IS,Gas,RUNEX,CAT,NH3,8.50261249311e-06
2044,     ,Solano (SF),UBUS,Dsl,RUNEX,DSL,NH3,0.00197010548124
2044,     ,Solano (SF),UBUS,Gas,RUNEX,CAT,NH3,9.2589759225e-05
2044,     ,Solano (SF),UBUS,NG,RUNEX,DSL,NH3,0.00350980801223
2044,     ,Solano (SV),LDA,Dsl,RUNEX,DSL,NH3,0.000129256377367
2044,     ,Solano (SV),LDA,Gas,RUNEX,CAT,NH3,0.1401693211
2044,     ,Solano (SV),LDT1,Dsl,RUNEX,DSL,NH3,1.29402813816e-07
2044,     ,Solano (SV),LDT1,Gas,RUNEX,CAT,NH3,0.0127679809113
2044,     ,Solano (SV),LDT2,Dsl,RUNEX,DSL,NH3,2.96928598534e-05
2044,     ,Solano (SV),LDT2,Gas,RUNEX,CAT,NH3,0.0387297222629
2044,     ,Solano (SV),LHD1,Dsl,RUNEX,DSL,NH3,0.0138074824709
2044,     ,Solano (SV),LHD1,Gas,RUNEX,CAT,NH3,0.00275542385159
2044,     ,Solano (SV),LHD2,Dsl,RUNEX,DSL,NH3,0.00541603249859
2044,     ,Solano (SV),LHD2,Gas,RUNEX,CAT,NH3,0.000419719890037
2044,     ,Solano (SV),MCY,Gas,RUNEX,CAT,NH3,0.000406236311612
2044,     ,Solano (SV),MDV,Dsl,RUNEX,DSL,NH3,6.49890852541e-05
2044,     ,Solano (SV),MDV,Gas,RUNEX,CAT,NH3,0.0241099897239
2044,     ,Solano (SV),MH,Dsl,RUNEX,DSL,NH3,0.000285633657214
2044,     ,Solano (SV),MH,Gas,RUNEX,CAT,NH3,0.000135297603391
2044,     ,Solano (SV),OBUS,Gas,RUNEX,CAT,NH3,0.000170581967844
2044,     ,Solano (SV),SBUS,Gas,RUNEX,CAT,NH3,0.000117005324327
2044,     ,Solano (SV),T6TS,Gas,RUNEX,CAT,NH3,0.000829198989411
2044,     ,Solano (SV),T7IS,Gas,RUNEX,CAT,NH3,7.67059754206e-06
2044,     ,Solano (SV),UBUS,Dsl,RUNEX,DSL,NH3,6.74220394875e-05
2044,     ,Solano (SV),UBUS,Gas,RUNEX,CAT,NH3,4.52313614824e-05
2044,     ,Solano (SV),UBUS,NG,RUNEX,DSL,NH3,0.000955510397283
2044,     ,Sonoma (NC),LDA,Dsl,RUNEX,DSL,NH3,5.95600412286e-05
2044,     ,Sonoma (NC),LDA,Gas,RUNEX,CAT,NH3,0.0636594977521
2044,     ,Sonoma (NC),LDT1,Dsl,RUNEX,DSL,NH3,5.23591230305e-08
2044,     ,Sonoma (NC),LDT1,Gas,RUNEX,CAT,NH3,0.00519910127119
2044,     ,Sonoma (NC),LDT2,Dsl,RUNEX,DSL,NH3,1.21926636459e-05
2044,     ,Sonoma (NC),LDT2,Gas,RUNEX,CAT,NH3,0.0157453227657
2044,     ,Sonoma (NC),LHD1,Dsl,RUNEX,DSL,NH3,0.00572361611135
2044,     ,Sonoma (NC),LHD1,Gas,RUNEX,CAT,NH3,0.00112988635128
2044,     ,Sonoma (NC),LHD2,Dsl,RUNEX,DSL,NH3,0.00224574816376
2044,     ,Sonoma (NC),LHD2,Gas,RUNEX,CAT,NH3,0.000172312919591
2044,     ,Sonoma (NC),MCY,Gas,RUNEX,CAT,NH3,0.00011481783237
2044,     ,Sonoma (NC),MDV,Dsl,RUNEX,DSL,NH3,2.64852871384e-05
2044,     ,Sonoma (NC),MDV,Gas,RUNEX,CAT,NH3,0.00980050726492
2044,     ,Sonoma (NC),MH,Dsl,RUNEX,DSL,NH3,0.000114006018785
2044,     ,Sonoma (NC),MH,Gas,RUNEX,CAT,NH3,5.29699491705e-05
2044,     ,Sonoma (NC),OBUS,Gas,RUNEX,CAT,NH3,4.7603968125e-05
2044,     ,Sonoma (NC),SBUS,Gas,RUNEX,CAT,NH3,3.36836416939e-05
2044,     ,Sonoma (NC),T6TS,Gas,RUNEX,CAT,NH3,0.000348720460182
2044,     ,Sonoma (NC),T7IS,Gas,RUNEX,CAT,NH3,3.18752936381e-06
2044,     ,Sonoma (SF),LDA,Dsl,RUNEX,DSL,NH3,0.00024324324791
2044,     ,Sonoma (SF),LDA,Gas,RUNEX,CAT,NH3,0.263401622519
2044,     ,Sonoma (SF),LDT1,Dsl,RUNEX,DSL,NH3,2.14900203423e-07
2044,     ,Sonoma (SF),LDT1,Gas,RUNEX,CAT,NH3,0.0212964956386
2044,     ,Sonoma (SF),LDT2,Dsl,RUNEX,DSL,NH3,4.9993587941e-05
2044,     ,Sonoma (SF),LDT2,Gas,RUNEX,CAT,NH3,0.0652349830478
2044,     ,Sonoma (SF),LHD1,Dsl,RUNEX,DSL,NH3,0.0246172067821
2044,     ,Sonoma (SF),LHD1,Gas,RUNEX,CAT,NH3,0.00503555223288
2044,     ,Sonoma (SF),LHD2,Dsl,RUNEX,DSL,NH3,0.00973252587964
2044,     ,Sonoma (SF),LHD2,Gas,RUNEX,CAT,NH3,0.000764561255695
2044,     ,Sonoma (SF),MCY,Gas,RUNEX,CAT,NH3,0.00043141460513
2044,     ,Sonoma (SF),MDV,Dsl,RUNEX,DSL,NH3,0.000112768936335
2044,     ,Sonoma (SF),MDV,Gas,RUNEX,CAT,NH3,0.0417327422851
2044,     ,Sonoma (SF),MH,Dsl,RUNEX,DSL,NH3,0.000503964418518
2044,     ,Sonoma (SF),MH,Gas,RUNEX,CAT,NH3,0.000234202844855
2044,     ,Sonoma (SF),OBUS,Gas,RUNEX,CAT,NH3,0.000181771612627
2044,     ,Sonoma (SF),SBUS,Gas,RUNEX,CAT,NH3,0.000125437973504
2044,     ,Sonoma (SF),T6TS,Gas,RUNEX,CAT,NH3,0.000853223324775
2044,     ,Sonoma (SF),T7IS,Gas,RUNEX,CAT,NH3,7.88113764326e-06
2044,     ,Sonoma (SF),UBUS,Dsl,RUNEX,DSL,NH3,0.00177037363949
2044,     ,Sonoma (SF),UBUS,Gas,RUNEX,CAT,NH3,3.69452209149e-05
2044,     ,Sonoma (SF),UBUS,NG,RUNEX,DSL,NH3,0.0031539791365
2044,     ,Stanislaus (SJV),LDA,Dsl,RUNEX,DSL,NH3,0.000329024975798
2044,     ,Stanislaus (SJV),LDA,Gas,RUNEX,CAT,NH3,0.357415904964
2044,     ,Stanislaus (SJV),LDT1,Dsl,RUNEX,DSL,NH3,3.20219551705e-07
2044,     ,Stanislaus (SJV),LDT1,Gas,RUNEX,CAT,NH3,0.0315580219919
2044,     ,Stanislaus (SJV),LDT2,Dsl,RUNEX,DSL,NH3,7.50275463034e-05
2044,     ,Stanislaus (SJV),LDT2,Gas,RUNEX,CAT,NH3,0.0981004372986
2044,     ,Stanislaus (SJV),LHD1,Dsl,RUNEX,DSL,NH3,0.028089103408
2044,     ,Stanislaus (SJV),LHD1,Gas,RUNEX,CAT,NH3,0.00614032968808
2044,     ,Stanislaus (SJV),LHD2,Dsl,RUNEX,DSL,NH3,0.0110363022695
2044,     ,Stanislaus (SJV),LHD2,Gas,RUNEX,CAT,NH3,0.000874594568151
2044,     ,Stanislaus (SJV),MCY,Gas,RUNEX,CAT,NH3,0.000489794262399
2044,     ,Stanislaus (SJV),MDV,Dsl,RUNEX,DSL,NH3,0.00016637915481
2044,     ,Stanislaus (SJV),MDV,Gas,RUNEX,CAT,NH3,0.0617982188456
2044,     ,Stanislaus (SJV),MH,Dsl,RUNEX,DSL,NH3,0.000560187542167
2044,     ,Stanislaus (SJV),MH,Gas,RUNEX,CAT,NH3,0.000266617871926
2044,     ,Stanislaus (SJV),OBUS,Gas,RUNEX,CAT,NH3,0.000209607599229
2044,     ,Stanislaus (SJV),SBUS,Gas,RUNEX,CAT,NH3,0.000144519689798
2044,     ,Stanislaus (SJV),T6TS,Gas,RUNEX,CAT,NH3,0.00101694033431
2044,     ,Stanislaus (SJV),T7IS,Gas,RUNEX,CAT,NH3,9.38058946854e-06
2044,     ,Stanislaus (SJV),UBUS,Dsl,RUNEX,DSL,NH3,0.000549460308697
2044,     ,Stanislaus (SJV),UBUS,Gas,RUNEX,CAT,NH3,0.000131386878501
2044,     ,Stanislaus (SJV),UBUS,NG,RUNEX,DSL,NH3,0.00975969953513
2044,     ,Sutter (SV),LDA,Dsl,RUNEX,DSL,NH3,2.06674053453e-05
2044,     ,Sutter (SV),LDA,Gas,RUNEX,CAT,NH3,0.0224426787204
2044,     ,Sutter (SV),LDT1,Dsl,RUNEX,DSL,NH3,2.25917544013e-08
2044,     ,Sutter (SV),LDT1,Gas,RUNEX,CAT,NH3,0.00223815459093
2044,     ,Sutter (SV),LDT2,Dsl,RUNEX,DSL,NH3,5.4203571512e-06
2044,     ,Sutter (SV),LDT2,Gas,RUNEX,CAT,NH3,0.00708270152432
2044,     ,Sutter (SV),LHD1,Dsl,RUNEX,DSL,NH3,0.00216903766547
2044,     ,Sutter (SV),LHD1,Gas,RUNEX,CAT,NH3,0.000417641548818
2044,     ,Sutter (SV),LHD2,Dsl,RUNEX,DSL,NH3,0.000842059045274
2044,     ,Sutter (SV),LHD2,Gas,RUNEX,CAT,NH3,6.54542046403e-05
2044,     ,Sutter (SV),MCY,Gas,RUNEX,CAT,NH3,3.29076867007e-05
2044,     ,Sutter (SV),MDV,Dsl,RUNEX,DSL,NH3,1.10888442302e-05
2044,     ,Sutter (SV),MDV,Gas,RUNEX,CAT,NH3,0.0040940121123
2044,     ,Sutter (SV),MH,Dsl,RUNEX,DSL,NH3,4.18299557123e-05
2044,     ,Sutter (SV),MH,Gas,RUNEX,CAT,NH3,2.02103891283e-05
2044,     ,Sutter (SV),OBUS,Gas,RUNEX,CAT,NH3,1.30822709084e-05
2044,     ,Sutter (SV),SBUS,Gas,RUNEX,CAT,NH3,9.25593258542e-06
2044,     ,Sutter (SV),T6TS,Gas,RUNEX,CAT,NH3,6.623469831e-05
2044,     ,Sutter (SV),T7IS,Gas,RUNEX,CAT,NH3,6.12037522514e-07
2044,     ,Tehama (SV),LDA,Dsl,RUNEX,DSL,NH3,9.90563535999e-05
2044,     ,Tehama (SV),LDA,Gas,RUNEX,CAT,NH3,0.107428509639
2044,     ,Tehama (SV),LDT1,Dsl,RUNEX,DSL,NH3,1.01105784639e-07
2044,     ,Tehama (SV),LDT1,Gas,RUNEX,CAT,NH3,0.010038911657
2044,     ,Tehama (SV),LDT2,Dsl,RUNEX,DSL,NH3,2.37276821005e-05
2044,     ,Tehama (SV),LDT2,Gas,RUNEX,CAT,NH3,0.0310402716054
2044,     ,Tehama (SV),LHD1,Dsl,RUNEX,DSL,NH3,0.0101374382711
2044,     ,Tehama (SV),LHD1,Gas,RUNEX,CAT,NH3,0.00192577775534
2044,     ,Tehama (SV),LHD2,Dsl,RUNEX,DSL,NH3,0.00408260512654
2044,     ,Tehama (SV),LHD2,Gas,RUNEX,CAT,NH3,0.00029648357572
2044,     ,Tehama (SV),MCY,Gas,RUNEX,CAT,NH3,0.000177370310097
2044,     ,Tehama (SV),MDV,Dsl,RUNEX,DSL,NH3,5.115587023e-05
2044,     ,Tehama (SV),MDV,Gas,RUNEX,CAT,NH3,0.018887260992
2044,     ,Tehama (SV),MH,Dsl,RUNEX,DSL,NH3,0.000199361344544
2044,     ,Tehama (SV),MH,Gas,RUNEX,CAT,NH3,9.45223045424e-05
2044,     ,Tehama (SV),OBUS,Gas,RUNEX,CAT,NH3,7.40691467379e-05
2044,     ,Tehama (SV),SBUS,Gas,RUNEX,CAT,NH3,5.12423293539e-05
2044,     ,Tehama (SV),T6TS,Gas,RUNEX,CAT,NH3,0.000372982379004
2044,     ,Tehama (SV),T7IS,Gas,RUNEX,CAT,NH3,3.45719491413e-06
2044,     ,Trinity (NC),LDA,Dsl,RUNEX,DSL,NH3,2.85379474377e-05
2044,     ,Trinity (NC),LDA,Gas,RUNEX,CAT,NH3,0.0309004633029
2044,     ,Trinity (NC),LDT1,Dsl,RUNEX,DSL,NH3,3.40122060548e-08
2044,     ,Trinity (NC),LDT1,Gas,RUNEX,CAT,NH3,0.00341599059855
2044,     ,Trinity (NC),LDT2,Dsl,RUNEX,DSL,NH3,8.04684554542e-06
2044,     ,Trinity (NC),LDT2,Gas,RUNEX,CAT,NH3,0.0106413005543
2044,     ,Trinity (NC),LHD1,Dsl,RUNEX,DSL,NH3,0.00338611728549
2044,     ,Trinity (NC),LHD1,Gas,RUNEX,CAT,NH3,0.000749556657221
2044,     ,Trinity (NC),LHD2,Dsl,RUNEX,DSL,NH3,0.00133134443495
2044,     ,Trinity (NC),LHD2,Gas,RUNEX,CAT,NH3,0.000101747321672
2044,     ,Trinity (NC),MCY,Gas,RUNEX,CAT,NH3,6.22946655118e-05
2044,     ,Trinity (NC),MDV,Dsl,RUNEX,DSL,NH3,1.79543056864e-05
2044,     ,Trinity (NC),MDV,Gas,RUNEX,CAT,NH3,0.00658749125246
2044,     ,Trinity (NC),MH,Dsl,RUNEX,DSL,NH3,6.68756580414e-05
2044,     ,Trinity (NC),MH,Gas,RUNEX,CAT,NH3,3.2162319562e-05
2044,     ,Trinity (NC),OBUS,Gas,RUNEX,CAT,NH3,2.49519949671e-05
2044,     ,Trinity (NC),SBUS,Gas,RUNEX,CAT,NH3,1.8071249689e-05
2044,     ,Trinity (NC),T6TS,Gas,RUNEX,CAT,NH3,0.000148010612815
2044,     ,Trinity (NC),T7IS,Gas,RUNEX,CAT,NH3,1.36970268703e-06
2044,     ,Trinity (NC),UBUS,Dsl,RUNEX,DSL,NH3,1.85590013459e-05
2044,     ,Trinity (NC),UBUS,Gas,RUNEX,CAT,NH3,2.66678702763e-05
2044,     ,Trinity (NC),UBUS,NG,RUNEX,DSL,NH3,4.54601800643e-05
2044,     ,Tulare (SJV),LDA,Dsl,RUNEX,DSL,NH3,0.000292628607304
2044,     ,Tulare (SJV),LDA,Gas,RUNEX,CAT,NH3,0.318069572894
2044,     ,Tulare (SJV),LDT1,Dsl,RUNEX,DSL,NH3,2.9748449981e-07
2044,     ,Tulare (SJV),LDT1,Gas,RUNEX,CAT,NH3,0.0296128751803
2044,     ,Tulare (SJV),LDT2,Dsl,RUNEX,DSL,NH3,7.01043249834e-05
2044,     ,Tulare (SJV),LDT2,Gas,RUNEX,CAT,NH3,0.0918451887549
2044,     ,Tulare (SJV),LHD1,Dsl,RUNEX,DSL,NH3,0.02548077772
2044,     ,Tulare (SJV),LHD1,Gas,RUNEX,CAT,NH3,0.00552388916517
2044,     ,Tulare (SJV),LHD2,Dsl,RUNEX,DSL,NH3,0.00998241218722
2044,     ,Tulare (SJV),LHD2,Gas,RUNEX,CAT,NH3,0.00078411980457
2044,     ,Tulare (SJV),MCY,Gas,RUNEX,CAT,NH3,0.000459978003802
2044,     ,Tulare (SJV),MDV,Dsl,RUNEX,DSL,NH3,0.000157585194988
2044,     ,Tulare (SJV),MDV,Gas,RUNEX,CAT,NH3,0.0585513043785
2044,     ,Tulare (SJV),MH,Dsl,RUNEX,DSL,NH3,0.000515012855788
2044,     ,Tulare (SJV),MH,Gas,RUNEX,CAT,NH3,0.000241517388722
2044,     ,Tulare (SJV),OBUS,Gas,RUNEX,CAT,NH3,0.000196896538294
2044,     ,Tulare (SJV),SBUS,Gas,RUNEX,CAT,NH3,0.000136203332942
2044,     ,Tulare (SJV),T6TS,Gas,RUNEX,CAT,NH3,0.000959582159574
2044,     ,Tulare (SJV),T7IS,Gas,RUNEX,CAT,NH3,8.87178836901e-06
2044,     ,Tulare (SJV),UBUS,Dsl,RUNEX,DSL,NH3,0.000679209776625
2044,     ,Tulare (SJV),UBUS,Gas,RUNEX,CAT,NH3,0.000432774636944
2044,     ,Tulare (SJV),UBUS,NG,RUNEX,DSL,NH3,0.012064353396
2044,     ,Tuolumne (MC),LDA,Dsl,RUNEX,DSL,NH3,4.42311054226e-05
2044,     ,Tuolumne (MC),LDA,Gas,RUNEX,CAT,NH3,0.0478782022038
2044,     ,Tuolumne (MC),LDT1,Dsl,RUNEX,DSL,NH3,4.82425825977e-08
2044,     ,Tuolumne (MC),LDT1,Gas,RUNEX,CAT,NH3,0.00472177468104
2044,     ,Tuolumne (MC),LDT2,Dsl,RUNEX,DSL,NH3,1.24065142022e-05
2044,     ,Tuolumne (MC),LDT2,Gas,RUNEX,CAT,NH3,0.0164173878239
2044,     ,Tuolumne (MC),LHD1,Dsl,RUNEX,DSL,NH3,0.00457737021478
2044,     ,Tuolumne (MC),LHD1,Gas,RUNEX,CAT,NH3,0.00138792286766
2044,     ,Tuolumne (MC),LHD2,Dsl,RUNEX,DSL,NH3,0.00183747471168
2044,     ,Tuolumne (MC),LHD2,Gas,RUNEX,CAT,NH3,0.000132369112175
2044,     ,Tuolumne (MC),MCY,Gas,RUNEX,CAT,NH3,8.52668968039e-05
2044,     ,Tuolumne (MC),MDV,Dsl,RUNEX,DSL,NH3,2.70489946686e-05
2044,     ,Tuolumne (MC),MDV,Gas,RUNEX,CAT,NH3,0.0100192024001
2044,     ,Tuolumne (MC),MH,Dsl,RUNEX,DSL,NH3,0.000100398954512
2044,     ,Tuolumne (MC),MH,Gas,RUNEX,CAT,NH3,4.2925372637e-05
2044,     ,Tuolumne (MC),OBUS,Gas,RUNEX,CAT,NH3,3.31140899741e-05
2044,     ,Tuolumne (MC),SBUS,Gas,RUNEX,CAT,NH3,2.13480299957e-05
2044,     ,Tuolumne (MC),T6TS,Gas,RUNEX,CAT,NH3,0.000227497185409
2044,     ,Tuolumne (MC),T7IS,Gas,RUNEX,CAT,NH3,2.0557210698e-06
2044,     ,Tuolumne (MC),UBUS,Dsl,RUNEX,DSL,NH3,0.000291708356139
2044,     ,Tuolumne (MC),UBUS,Gas,RUNEX,CAT,NH3,4.00585056984e-05
2044,     ,Ventura (SCC),LDA,Dsl,RUNEX,DSL,NH3,0.000471025704448
2044,     ,Ventura (SCC),LDA,Gas,RUNEX,CAT,NH3,0.510531879072
2044,     ,Ventura (SCC),LDT1,Dsl,RUNEX,DSL,NH3,5.19687223464e-07
2044,     ,Ventura (SCC),LDT1,Gas,RUNEX,CAT,NH3,0.0517073970097
2044,     ,Ventura (SCC),LDT2,Dsl,RUNEX,DSL,NH3,0.000110720864998
2044,     ,Ventura (SCC),LDT2,Gas,RUNEX,CAT,NH3,0.144169946572
2044,     ,Ventura (SCC),LHD1,Dsl,RUNEX,DSL,NH3,0.0427394364853
2044,     ,Ventura (SCC),LHD1,Gas,RUNEX,CAT,NH3,0.00752769113279
2044,     ,Ventura (SCC),LHD2,Dsl,RUNEX,DSL,NH3,0.0167508578473
2044,     ,Ventura (SCC),LHD2,Gas,RUNEX,CAT,NH3,0.00133354618879
2044,     ,Ventura (SCC),MCY,Gas,RUNEX,CAT,NH3,0.000700014877964
2044,     ,Ventura (SCC),MDV,Dsl,RUNEX,DSL,NH3,0.000233185210094
2044,     ,Ventura (SCC),MDV,Gas,RUNEX,CAT,NH3,0.0866157475
2044,     ,Ventura (SCC),MH,Dsl,RUNEX,DSL,NH3,0.00148280467463
2044,     ,Ventura (SCC),MH,Gas,RUNEX,CAT,NH3,0.000697102131972
2044,     ,Ventura (SCC),OBUS,Gas,RUNEX,CAT,NH3,0.000427068755819
2044,     ,Ventura (SCC),SBUS,Gas,RUNEX,CAT,NH3,0.000303489739858
2044,     ,Ventura (SCC),T6TS,Gas,RUNEX,CAT,NH3,0.00265371772375
2044,     ,Ventura (SCC),T7IS,Gas,RUNEX,CAT,NH3,2.63961991096e-05
2044,     ,Ventura (SCC),UBUS,Gas,RUNEX,CAT,NH3,0.000246517499631
2044,     ,Ventura (SCC),UBUS,NG,RUNEX,DSL,NH3,0.0186021025588
2044,     ,Yolo (SV),LDA,Dsl,RUNEX,DSL,NH3,0.000162368357434
2044,     ,Yolo (SV),LDA,Gas,RUNEX,CAT,NH3,0.176102567462
2044,     ,Yolo (SV),LDT1,Dsl,RUNEX,DSL,NH3,1.73485517864e-07
2044,     ,Yolo (SV),LDT1,Gas,RUNEX,CAT,NH3,0.0165672309353
2044,     ,Yolo (SV),LDT2,Dsl,RUNEX,DSL,NH3,4.10131286512e-05
2044,     ,Yolo (SV),LDT2,Gas,RUNEX,CAT,NH3,0.053410689763
2044,     ,Yolo (SV),LHD1,Dsl,RUNEX,DSL,NH3,0.0150503954977
2044,     ,Yolo (SV),LHD1,Gas,RUNEX,CAT,NH3,0.00302941615923
2044,     ,Yolo (SV),LHD2,Dsl,RUNEX,DSL,NH3,0.00585709884501
2044,     ,Yolo (SV),LHD2,Gas,RUNEX,CAT,NH3,0.000462789601625
2044,     ,Yolo (SV),MCY,Gas,RUNEX,CAT,NH3,0.000316366828361
2044,     ,Yolo (SV),MDV,Dsl,RUNEX,DSL,NH3,9.0186459314e-05
2044,     ,Yolo (SV),MDV,Gas,RUNEX,CAT,NH3,0.033415532388
2044,     ,Yolo (SV),MH,Dsl,RUNEX,DSL,NH3,0.000299242567553
2044,     ,Yolo (SV),MH,Gas,RUNEX,CAT,NH3,0.000143555084333
2044,     ,Yolo (SV),OBUS,Gas,RUNEX,CAT,NH3,0.000122242894293
2044,     ,Yolo (SV),SBUS,Gas,RUNEX,CAT,NH3,8.38145678267e-05
2044,     ,Yolo (SV),T6TS,Gas,RUNEX,CAT,NH3,0.000588965457681
2044,     ,Yolo (SV),T7IS,Gas,RUNEX,CAT,NH3,5.4447241853e-06
2044,     ,Yolo (SV),UBUS,Dsl,RUNEX,DSL,NH3,0.00178435634086
2044,     ,Yolo (SV),UBUS,Gas,RUNEX,CAT,NH3,0.000116355802124
2044,     ,Yolo (SV),UBUS,NG,RUNEX,DSL,NH3,0.0252880371034
2044,     ,Yuba (SV),LDA,Dsl,RUNEX,DSL,NH3,6.05162055787e-05
2044,     ,Yuba (SV),LDA,Gas,RUNEX,CAT,NH3,0.0656888131514
2044,     ,Yuba (SV),LDT1,Dsl,RUNEX,DSL,NH3,5.38429709571e-08
2044,     ,Yuba (SV),LDT1,Gas,RUNEX,CAT,NH3,0.00532890395479
2044,     ,Yuba (SV),LDT2,Dsl,RUNEX,DSL,NH3,1.31262541598e-05
2044,     ,Yuba (SV),LDT2,Gas,RUNEX,CAT,NH3,0.0171799387613
2044,     ,Yuba (SV),LHD1,Dsl,RUNEX,DSL,NH3,0.00462038603375
2044,     ,Yuba (SV),LHD1,Gas,RUNEX,CAT,NH3,0.000894687848334
2044,     ,Yuba (SV),LHD2,Dsl,RUNEX,DSL,NH3,0.00181177881219
2044,     ,Yuba (SV),LHD2,Gas,RUNEX,CAT,NH3,0.000136121165857
2044,     ,Yuba (SV),MCY,Gas,RUNEX,CAT,NH3,0.000100642338178
2044,     ,Yuba (SV),MDV,Dsl,RUNEX,DSL,NH3,2.76708664643e-05
2044,     ,Yuba (SV),MDV,Gas,RUNEX,CAT,NH3,0.010187086865
2044,     ,Yuba (SV),MH,Dsl,RUNEX,DSL,NH3,8.94838667044e-05
2044,     ,Yuba (SV),MH,Gas,RUNEX,CAT,NH3,4.33566933944e-05
2044,     ,Yuba (SV),OBUS,Gas,RUNEX,CAT,NH3,3.81385224838e-05
2044,     ,Yuba (SV),SBUS,Gas,RUNEX,CAT,NH3,2.6384917821e-05
2044,     ,Yuba (SV),T6TS,Gas,RUNEX,CAT,NH3,0.00018081981127
2044,     ,Yuba (SV),T7IS,Gas,RUNEX,CAT,NH3,1.67494978398e-06
2044,     ,Yuba (SV),UBUS,Dsl,RUNEX,DSL,NH3,0.00305233327514
