calendar_year,season_month,sub_area,vehicle_class,fuel,process,cat_ncat,pollutant,emission
2018,July,Sutter (SV),LDA,Gas,RUNEX,CAT,CO,0.5100456743579482
2018,July,Sutter (SV),LDA,Gas,RUNEX,CAT,NOx,0.027076821517195065
2018,July,Sutter (SV),LDA,Gas,RUNEX,CAT,SOx,0.0011686003241443011
2018,July,Sutter (SV),LDA,Gas,RUNEX,CAT,PM,0.0006425654520702968
2018,July,Sutter (SV),LDA,Gas,RUNEX,CAT,TOG,0.013470935755324405
2018,July,Sutter (SV),LDA,Gas,RUNEX,CAT,PM10,0.0005745028106882659
2018,July,Sutter (SV),LDA,Gas,RUNEX,CAT,PM2_5,0.0005282586996772312
2018,July,Sutter (SV),LDA,Gas,RUNEX,NCAT,CO,0.00474235503064631
2018,July,Sutter (SV),LDA,Gas,RUNEX,NCAT,NOx,0.00032363786852819884
2018,July,Sutter (SV),LDA,Gas,RUNEX,NCAT,SOx,4.289330371682092e-07
2018,July,Sutter (SV),LDA,Gas,RUNEX,NCAT,PM,3.962655449724675e-06
2018,July,Sutter (SV),LDA,Gas,RUNEX,NCAT,TOG,0.00041386517526619963
2018,July,Sutter (SV),LDA,Gas,RUNEX,NCAT,PM10,3.758815349765032e-06
2018,July,Sutter (SV),LDA,Gas,RUNEX,NCAT,PM2_5,3.5638569719507176e-06
2018,July,Sutter (SV),LDA,Gas,STREX,CAT,CO,0.09868995038081466
2018,July,Sutter (SV),LDA,Gas,STREX,CAT,NOx,0.011563343084112283
2018,July,Sutter (SV),LDA,Gas,STREX,CAT,SOx,2.6544408478339805e-05
2018,July,Sutter (SV),LDA,Gas,STREX,CAT,PM,0.00010574454453012925
2018,July,Sutter (SV),LDA,Gas,STREX,CAT,TOG,0.015436044215593468
2018,July,Sutter (SV),LDA,Gas,STREX,CAT,PM10,9.455775171452675e-05
2018,July,Sutter (SV),LDA,Gas,STREX,CAT,PM2_5,8.695339240878361e-05
2018,July,Sutter (SV),LDA,Gas,STREX,NCAT,CO,0.0008235947581062129
2018,July,Sutter (SV),LDA,Gas,STREX,NCAT,NOx,3.787124576323089e-05
2018,July,Sutter (SV),LDA,Gas,STREX,NCAT,SOx,6.536021793672998e-08
2018,July,Sutter (SV),LDA,Gas,STREX,NCAT,PM,1.7736060999365407e-06
2018,July,Sutter (SV),LDA,Gas,STREX,NCAT,TOG,0.00011725934583754961
2018,July,Sutter (SV),LDA,Gas,STREX,NCAT,PM10,1.6823065574478078e-06
2018,July,Sutter (SV),LDA,Gas,STREX,NCAT,PM2_5,1.5950199886244228e-06
2018,July,Sutter (SV),LDA,Gas,HOTSOAK,CAT,TOG,0.00932882175705363
2018,July,Sutter (SV),LDA,Gas,HOTSOAK,NCAT,TOG,0.00014012135157101465
2018,July,Sutter (SV),LDA,Gas,RUNLOSS,CAT,TOG,0.012733726565527426
2018,July,Sutter (SV),LDA,Gas,RUNLOSS,NCAT,TOG,0.0003443297386694543
2018,July,Sutter (SV),LDA,Gas,RESTLOSS,CAT,TOG,0.006121137310064404
2018,July,Sutter (SV),LDA,Gas,RESTLOSS,NCAT,TOG,0.00013997216735865524
2018,July,Sutter (SV),LDA,Gas,DIURN,CAT,TOG,0.014609749178946358
2018,July,Sutter (SV),LDA,Gas,DIURN,NCAT,TOG,0.00035666988642733957
2018,July,Sutter (SV),LDA,Gas,PMTW,CAT,PM,0.0027996744244226813
2018,July,Sutter (SV),LDA,Gas,PMTW,CAT,PM10,0.0027996744244226813
2018,July,Sutter (SV),LDA,Gas,PMTW,CAT,PM2_5,0.0006999186061056703
2018,July,Sutter (SV),LDA,Gas,PMTW,NCAT,PM,5.256265122568007e-07
2018,July,Sutter (SV),LDA,Gas,PMTW,NCAT,PM10,5.256265122568007e-07
2018,July,Sutter (SV),LDA,Gas,PMTW,NCAT,PM2_5,1.3140662806420018e-07
2018,July,Sutter (SV),LDA,Gas,PMBW,CAT,PM,0.013123473864481311
2018,July,Sutter (SV),LDA,Gas,PMBW,CAT,PM10,0.012861004387191679
2018,July,Sutter (SV),LDA,Gas,PMBW,CAT,PM2_5,0.00551185902308215
2018,July,Sutter (SV),LDA,Gas,PMBW,NCAT,PM,2.4638742762037496e-06
2018,July,Sutter (SV),LDA,Gas,PMBW,NCAT,PM10,2.4145967906796738e-06
2018,July,Sutter (SV),LDA,Gas,PMBW,NCAT,PM2_5,1.0348271960055752e-06
2018,July,Sutter (SV),LDA,Dsl,RUNEX,DSL,CO,0.0008199426031060603
2018,July,Sutter (SV),LDA,Dsl,RUNEX,DSL,NOx,0.0004952522927836306
2018,July,Sutter (SV),LDA,Dsl,RUNEX,DSL,SOx,5.97973612966876e-06
2018,July,Sutter (SV),LDA,Dsl,RUNEX,DSL,PM,3.984884718318353e-05
2018,July,Sutter (SV),LDA,Dsl,RUNEX,DSL,TOG,8.058889214363618e-05
2018,July,Sutter (SV),LDA,Dsl,RUNEX,DSL,PM10,3.9609754100084473e-05
2018,July,Sutter (SV),LDA,Dsl,RUNEX,DSL,PM2_5,3.789625367120763e-05
2018,July,Sutter (SV),LDA,Dsl,PMTW,DSL,PM,2.2460000062431114e-05
2018,July,Sutter (SV),LDA,Dsl,PMTW,DSL,PM10,2.2460000062431114e-05
2018,July,Sutter (SV),LDA,Dsl,PMTW,DSL,PM2_5,5.6150000156077785e-06
2018,July,Sutter (SV),LDA,Dsl,PMBW,DSL,PM,0.00010528125029264594
2018,July,Sutter (SV),LDA,Dsl,PMBW,DSL,PM10,0.00010317562528679294
2018,July,Sutter (SV),LDA,Dsl,PMBW,DSL,PM2_5,4.421812512291128e-05
2018,July,Sutter (SV),LDA,Elec,HOTSOAK,CAT,TOG,1.415537069373044e-06
2018,July,Sutter (SV),LDA,Elec,RESTLOSS,CAT,TOG,1.8482633230786798e-06
2018,July,Sutter (SV),LDA,Elec,DIURN,CAT,TOG,5.66194877120985e-06
2018,July,Sutter (SV),LDA,Elec,PMTW,CAT,PM,1.781023556219894e-05
2018,July,Sutter (SV),LDA,Elec,PMTW,CAT,PM10,1.781023556219894e-05
2018,July,Sutter (SV),LDA,Elec,PMTW,CAT,PM2_5,4.452558890549735e-06
2018,July,Sutter (SV),LDA,Elec,PMBW,CAT,PM,8.348547919780747e-05
2018,July,Sutter (SV),LDA,Elec,PMBW,CAT,PM10,8.181576961385136e-05
2018,July,Sutter (SV),LDA,Elec,PMBW,CAT,PM2_5,3.506390126307916e-05
2018,July,Sutter (SV),LDT1,Gas,RUNEX,CAT,CO,0.07956594388251466
2018,July,Sutter (SV),LDT1,Gas,RUNEX,CAT,NOx,0.005238902913644783
2018,July,Sutter (SV),LDT1,Gas,RUNEX,CAT,SOx,0.00012685738680588647
2018,July,Sutter (SV),LDT1,Gas,RUNEX,CAT,PM,9.479751873923305e-05
2018,July,Sutter (SV),LDT1,Gas,RUNEX,CAT,TOG,0.0024725912253142214
2018,July,Sutter (SV),LDT1,Gas,RUNEX,CAT,PM10,8.477365791442434e-05
2018,July,Sutter (SV),LDT1,Gas,RUNEX,CAT,PM2_5,7.795854899092173e-05
2018,July,Sutter (SV),LDT1,Gas,RUNEX,NCAT,CO,0.003005045060833643
2018,July,Sutter (SV),LDT1,Gas,RUNEX,NCAT,NOx,0.0002129740774970902
2018,July,Sutter (SV),LDT1,Gas,RUNEX,NCAT,SOx,2.678244390458757e-07
2018,July,Sutter (SV),LDT1,Gas,RUNEX,NCAT,PM,2.586802153821001e-06
2018,July,Sutter (SV),LDT1,Gas,RUNEX,NCAT,TOG,0.000286517606072963
2018,July,Sutter (SV),LDT1,Gas,RUNEX,NCAT,PM10,2.4612407082721294e-06
2018,July,Sutter (SV),LDT1,Gas,RUNEX,NCAT,PM2_5,2.337108987781677e-06
2018,July,Sutter (SV),LDT1,Gas,STREX,CAT,CO,0.010006916100973857
2018,July,Sutter (SV),LDT1,Gas,STREX,CAT,NOx,0.0014530947875599593
2018,July,Sutter (SV),LDT1,Gas,STREX,CAT,SOx,2.9088797618567492e-06
2018,July,Sutter (SV),LDT1,Gas,STREX,CAT,PM,1.475308456890659e-05
2018,July,Sutter (SV),LDT1,Gas,STREX,CAT,TOG,0.0021002103717833597
2018,July,Sutter (SV),LDT1,Gas,STREX,CAT,PM10,1.3195787089665466e-05
2018,July,Sutter (SV),LDT1,Gas,STREX,CAT,PM2_5,1.2136293740730534e-05
2018,July,Sutter (SV),LDT1,Gas,STREX,NCAT,CO,0.00034021953801223443
2018,July,Sutter (SV),LDT1,Gas,STREX,NCAT,NOx,1.5245461155904657e-05
2018,July,Sutter (SV),LDT1,Gas,STREX,NCAT,SOx,2.5836176885118795e-08
2018,July,Sutter (SV),LDT1,Gas,STREX,NCAT,PM,6.821635531287609e-07
2018,July,Sutter (SV),LDT1,Gas,STREX,NCAT,TOG,4.8318896548748965e-05
2018,July,Sutter (SV),LDT1,Gas,STREX,NCAT,PM10,6.490296894937547e-07
2018,July,Sutter (SV),LDT1,Gas,STREX,NCAT,PM2_5,6.162857531297679e-07
2018,July,Sutter (SV),LDT1,Gas,HOTSOAK,CAT,TOG,0.0016918359960376027
2018,July,Sutter (SV),LDT1,Gas,HOTSOAK,NCAT,TOG,5.3260008280467696e-05
2018,July,Sutter (SV),LDT1,Gas,RUNLOSS,CAT,TOG,0.0041358388148733044
2018,July,Sutter (SV),LDT1,Gas,RUNLOSS,NCAT,TOG,5.184804889084666e-05
2018,July,Sutter (SV),LDT1,Gas,RESTLOSS,CAT,TOG,0.0011243348075018786
2018,July,Sutter (SV),LDT1,Gas,RESTLOSS,NCAT,TOG,5.307274570672606e-05
2018,July,Sutter (SV),LDT1,Gas,DIURN,CAT,TOG,0.002930610477020519
2018,July,Sutter (SV),LDT1,Gas,DIURN,NCAT,TOG,0.00013345678262794065
2018,July,Sutter (SV),LDT1,Gas,PMTW,CAT,PM,0.0002690875224641518
2018,July,Sutter (SV),LDT1,Gas,PMTW,CAT,PM10,0.0002690875224641518
2018,July,Sutter (SV),LDT1,Gas,PMTW,CAT,PM2_5,6.727188061603795e-05
2018,July,Sutter (SV),LDT1,Gas,PMTW,NCAT,PM,3.4295999246976645e-07
2018,July,Sutter (SV),LDT1,Gas,PMTW,NCAT,PM10,3.4295999246976645e-07
2018,July,Sutter (SV),LDT1,Gas,PMTW,NCAT,PM2_5,8.573999811744161e-08
2018,July,Sutter (SV),LDT1,Gas,PMBW,CAT,PM,0.0012613477615507106
2018,July,Sutter (SV),LDT1,Gas,PMBW,CAT,PM10,0.0012361208063196962
2018,July,Sutter (SV),LDT1,Gas,PMBW,CAT,PM2_5,0.0005297660598512988
2018,July,Sutter (SV),LDT1,Gas,PMBW,NCAT,PM,1.60762496470203e-06
2018,July,Sutter (SV),LDT1,Gas,PMBW,NCAT,PM10,1.57547246540799e-06
2018,July,Sutter (SV),LDT1,Gas,PMBW,NCAT,PM2_5,6.752024851748529e-07
2018,July,Sutter (SV),LDT2,Gas,RUNEX,CAT,CO,0.3262394542544717
2018,July,Sutter (SV),LDT2,Gas,RUNEX,CAT,NOx,0.027859906540083034
2018,July,Sutter (SV),LDT2,Gas,RUNEX,CAT,SOx,0.0005748851279744753
2018,July,Sutter (SV),LDT2,Gas,RUNEX,CAT,PM,0.00030119693353733716
2018,July,Sutter (SV),LDT2,Gas,RUNEX,CAT,TOG,0.010057494351197956
2018,July,Sutter (SV),LDT2,Gas,RUNEX,CAT,PM10,0.00026934717651777926
2018,July,Sutter (SV),LDT2,Gas,RUNEX,CAT,PM2_5,0.0002476932256940045
2018,July,Sutter (SV),LDT2,Gas,RUNEX,NCAT,CO,0.006404620557355874
2018,July,Sutter (SV),LDT2,Gas,RUNEX,NCAT,NOx,0.0004450364078418939
2018,July,Sutter (SV),LDT2,Gas,RUNEX,NCAT,SOx,5.743343007143528e-07
2018,July,Sutter (SV),LDT2,Gas,RUNEX,NCAT,PM,5.509295862335761e-06
2018,July,Sutter (SV),LDT2,Gas,RUNEX,NCAT,TOG,0.0005874492641434197
2018,July,Sutter (SV),LDT2,Gas,RUNEX,NCAT,PM10,5.217315388304905e-06
2018,July,Sutter (SV),LDT2,Gas,RUNEX,NCAT,PM2_5,4.942677979448798e-06
2018,July,Sutter (SV),LDT2,Gas,STREX,CAT,CO,0.05122403374870188
2018,July,Sutter (SV),LDT2,Gas,STREX,CAT,NOx,0.009022601337225518
2018,July,Sutter (SV),LDT2,Gas,STREX,CAT,SOx,1.3771373553143775e-05
2018,July,Sutter (SV),LDT2,Gas,STREX,CAT,PM,4.8639232913053996e-05
2018,July,Sutter (SV),LDT2,Gas,STREX,CAT,TOG,0.00976646142138565
2018,July,Sutter (SV),LDT2,Gas,STREX,CAT,PM10,4.350439296153216e-05
2018,July,Sutter (SV),LDT2,Gas,STREX,CAT,PM2_5,4.001111035064794e-05
2018,July,Sutter (SV),LDT2,Gas,STREX,NCAT,CO,0.0007677752103563275
2018,July,Sutter (SV),LDT2,Gas,STREX,NCAT,NOx,3.0817128829842146e-05
2018,July,Sutter (SV),LDT2,Gas,STREX,NCAT,SOx,5.435288039121939e-08
2018,July,Sutter (SV),LDT2,Gas,STREX,NCAT,PM,1.454665994935126e-06
2018,July,Sutter (SV),LDT2,Gas,STREX,NCAT,TOG,0.00010184125917157036
2018,July,Sutter (SV),LDT2,Gas,STREX,NCAT,PM10,1.3770152838708002e-06
2018,July,Sutter (SV),LDT2,Gas,STREX,NCAT,PM2_5,1.3042678212379525e-06
2018,July,Sutter (SV),LDT2,Gas,HOTSOAK,CAT,TOG,0.005709938787083218
2018,July,Sutter (SV),LDT2,Gas,HOTSOAK,NCAT,TOG,0.0001065751785932172
2018,July,Sutter (SV),LDT2,Gas,RUNLOSS,CAT,TOG,0.013906266505252628
2018,July,Sutter (SV),LDT2,Gas,RUNLOSS,NCAT,TOG,0.00010679425885930616
2018,July,Sutter (SV),LDT2,Gas,RESTLOSS,CAT,TOG,0.00401574807555255
2018,July,Sutter (SV),LDT2,Gas,RESTLOSS,NCAT,TOG,0.00011120926169649795
2018,July,Sutter (SV),LDT2,Gas,DIURN,CAT,TOG,0.00975913316159005
2018,July,Sutter (SV),LDT2,Gas,DIURN,NCAT,TOG,0.0002794854389394581
2018,July,Sutter (SV),LDT2,Gas,PMTW,CAT,PM,0.0010713749018893789
2018,July,Sutter (SV),LDT2,Gas,PMTW,CAT,PM10,0.0010713749018893789
2018,July,Sutter (SV),LDT2,Gas,PMTW,CAT,PM2_5,0.0002678437254723447
2018,July,Sutter (SV),LDT2,Gas,PMTW,NCAT,PM,7.30430962506777e-07
2018,July,Sutter (SV),LDT2,Gas,PMTW,NCAT,PM10,7.30430962506777e-07
2018,July,Sutter (SV),LDT2,Gas,PMTW,NCAT,PM2_5,1.8260774062669424e-07
2018,July,Sutter (SV),LDT2,Gas,PMBW,CAT,PM,0.005022069852606464
2018,July,Sutter (SV),LDT2,Gas,PMBW,CAT,PM10,0.004921628455554332
2018,July,Sutter (SV),LDT2,Gas,PMBW,CAT,PM2_5,0.0021092693380947145
2018,July,Sutter (SV),LDT2,Gas,PMBW,NCAT,PM,3.423895136750514e-06
2018,July,Sutter (SV),LDT2,Gas,PMBW,NCAT,PM10,3.3554172340155047e-06
2018,July,Sutter (SV),LDT2,Gas,PMBW,NCAT,PM2_5,1.4380359574352156e-06
2018,July,Sutter (SV),MDV,Gas,RUNEX,CAT,CO,0.26315517756429607
2018,July,Sutter (SV),MDV,Gas,RUNEX,CAT,NOx,0.022761001272120236
2018,July,Sutter (SV),MDV,Gas,RUNEX,CAT,SOx,0.0006394600605207075
2018,July,Sutter (SV),MDV,Gas,RUNEX,CAT,PM,0.00024062964326554707
2018,July,Sutter (SV),MDV,Gas,RUNEX,CAT,TOG,0.008298687676550056
2018,July,Sutter (SV),MDV,Gas,RUNEX,CAT,PM10,0.00021516666552164743
2018,July,Sutter (SV),MDV,Gas,RUNEX,CAT,PM2_5,0.00019785962082418459
2018,July,Sutter (SV),MDV,Gas,RUNEX,NCAT,CO,0.020572704110361023
2018,July,Sutter (SV),MDV,Gas,RUNEX,NCAT,NOx,0.0010448824528325438
2018,July,Sutter (SV),MDV,Gas,RUNEX,NCAT,SOx,1.1422578217259488e-06
2018,July,Sutter (SV),MDV,Gas,RUNEX,NCAT,PM,7.986083249246102e-06
2018,July,Sutter (SV),MDV,Gas,RUNEX,NCAT,TOG,0.0009890008806409541
2018,July,Sutter (SV),MDV,Gas,RUNEX,NCAT,PM10,7.630861560276758e-06
2018,July,Sutter (SV),MDV,Gas,RUNEX,NCAT,PM2_5,7.26118427965374e-06
2018,July,Sutter (SV),MDV,Gas,STREX,CAT,CO,0.06133461733744311
2018,July,Sutter (SV),MDV,Gas,STREX,CAT,NOx,0.009529994458804786
2018,July,Sutter (SV),MDV,Gas,STREX,CAT,SOx,1.6841872043852545e-05
2018,July,Sutter (SV),MDV,Gas,STREX,CAT,PM,4.6412042569406254e-05
2018,July,Sutter (SV),MDV,Gas,STREX,CAT,TOG,0.01070614325971975
2018,July,Sutter (SV),MDV,Gas,STREX,CAT,PM10,4.150796714421111e-05
2018,July,Sutter (SV),MDV,Gas,STREX,CAT,PM2_5,3.8172819936535246e-05
2018,July,Sutter (SV),MDV,Gas,STREX,NCAT,CO,0.0027846558463146417
2018,July,Sutter (SV),MDV,Gas,STREX,NCAT,NOx,9.996044407974242e-05
2018,July,Sutter (SV),MDV,Gas,STREX,NCAT,SOx,1.4686936039562762e-07
2018,July,Sutter (SV),MDV,Gas,STREX,NCAT,PM,2.781028219468042e-06
2018,July,Sutter (SV),MDV,Gas,STREX,NCAT,TOG,0.00024776107950974334
2018,July,Sutter (SV),MDV,Gas,STREX,NCAT,PM10,2.6569670317468875e-06
2018,July,Sutter (SV),MDV,Gas,STREX,NCAT,PM2_5,2.528081932768905e-06
2018,July,Sutter (SV),MDV,Gas,HOTSOAK,CAT,TOG,0.004768763029228652
2018,July,Sutter (SV),MDV,Gas,HOTSOAK,NCAT,TOG,0.00012158297685957784
2018,July,Sutter (SV),MDV,Gas,RUNLOSS,CAT,TOG,0.011463569257518121
2018,July,Sutter (SV),MDV,Gas,RUNLOSS,NCAT,TOG,0.00018616814389776362
2018,July,Sutter (SV),MDV,Gas,RESTLOSS,CAT,TOG,0.0035878715449244878
2018,July,Sutter (SV),MDV,Gas,RESTLOSS,NCAT,TOG,0.00021339609353144463
2018,July,Sutter (SV),MDV,Gas,DIURN,CAT,TOG,0.008100037364553576
2018,July,Sutter (SV),MDV,Gas,DIURN,NCAT,TOG,0.0005332549912202982
2018,July,Sutter (SV),MDV,Gas,PMTW,CAT,PM,0.0010117264799012734
2018,July,Sutter (SV),MDV,Gas,PMTW,CAT,PM10,0.0010117264799012734
2018,July,Sutter (SV),MDV,Gas,PMTW,CAT,PM2_5,0.00025293161997531834
2018,July,Sutter (SV),MDV,Gas,PMTW,NCAT,PM,1.0629584236070068e-06
2018,July,Sutter (SV),MDV,Gas,PMTW,NCAT,PM10,1.0629584236070068e-06
2018,July,Sutter (SV),MDV,Gas,PMTW,NCAT,PM2_5,2.657396059017517e-07
2018,July,Sutter (SV),MDV,Gas,PMBW,CAT,PM,0.004742467874537218
2018,July,Sutter (SV),MDV,Gas,PMBW,CAT,PM10,0.004647618517046466
2018,July,Sutter (SV),MDV,Gas,PMBW,CAT,PM2_5,0.0019918365073056305
2018,July,Sutter (SV),MDV,Gas,PMBW,NCAT,PM,4.982617610657847e-06
2018,July,Sutter (SV),MDV,Gas,PMBW,NCAT,PM10,4.882965258444685e-06
2018,July,Sutter (SV),MDV,Gas,PMBW,NCAT,PM2_5,2.092699396476295e-06
2018,July,Sutter (SV),LHD1,Gas,RUNEX,CAT,CO,0.025255846001742462
2018,July,Sutter (SV),LHD1,Gas,RUNEX,CAT,NOx,0.004974091711535905
2018,July,Sutter (SV),LHD1,Gas,RUNEX,CAT,SOx,0.00014248804566171055
2018,July,Sutter (SV),LHD1,Gas,RUNEX,CAT,PM,4.2411083903472546e-05
2018,July,Sutter (SV),LHD1,Gas,RUNEX,CAT,TOG,0.001997108474815305
2018,July,Sutter (SV),LHD1,Gas,RUNEX,CAT,PM10,3.7915509009704495e-05
2018,July,Sutter (SV),LHD1,Gas,RUNEX,CAT,PM2_5,3.486191096865449e-05
2018,July,Sutter (SV),LHD1,Gas,RUNEX,NCAT,CO,0.006029533203733758
2018,July,Sutter (SV),LHD1,Gas,RUNEX,NCAT,NOx,0.00012233709104794333
2018,July,Sutter (SV),LHD1,Gas,RUNEX,NCAT,SOx,6.10887952429754e-07
2018,July,Sutter (SV),LHD1,Gas,RUNEX,NCAT,PM,2.7323860050529834e-06
2018,July,Sutter (SV),LHD1,Gas,RUNEX,NCAT,TOG,0.0003090290291859182
2018,July,Sutter (SV),LHD1,Gas,RUNEX,NCAT,PM10,2.6258229508559174e-06
2018,July,Sutter (SV),LHD1,Gas,RUNEX,NCAT,PM2_5,2.5055979666335855e-06
2018,July,Sutter (SV),LHD1,Gas,IDLEX,CAT,CO,0.001488211523737491
2018,July,Sutter (SV),LHD1,Gas,IDLEX,CAT,NOx,1.660600664851505e-05
2018,July,Sutter (SV),LHD1,Gas,IDLEX,CAT,SOx,4.919550119165598e-07
2018,July,Sutter (SV),LHD1,Gas,IDLEX,CAT,TOG,0.0002770910902149536
2018,July,Sutter (SV),LHD1,Gas,IDLEX,NCAT,CO,1.099344586101399e-05
2018,July,Sutter (SV),LHD1,Gas,IDLEX,NCAT,NOx,1.2431626496337736e-07
2018,July,Sutter (SV),LHD1,Gas,IDLEX,NCAT,SOx,4.050771241526689e-09
2018,July,Sutter (SV),LHD1,Gas,IDLEX,NCAT,TOG,1.9759805304027965e-06
2018,July,Sutter (SV),LHD1,Gas,STREX,CAT,CO,0.01143614084964622
2018,July,Sutter (SV),LHD1,Gas,STREX,CAT,NOx,0.0033312856217064223
2018,July,Sutter (SV),LHD1,Gas,STREX,CAT,SOx,1.1408403504304715e-06
2018,July,Sutter (SV),LHD1,Gas,STREX,CAT,PM,3.4966307119754967e-06
2018,July,Sutter (SV),LHD1,Gas,STREX,CAT,TOG,0.0010663814423818234
2018,July,Sutter (SV),LHD1,Gas,STREX,CAT,PM10,3.125987856506098e-06
2018,July,Sutter (SV),LHD1,Gas,STREX,CAT,PM2_5,2.874230445243863e-06
2018,July,Sutter (SV),LHD1,Gas,STREX,NCAT,CO,4.915186767224689e-06
2018,July,Sutter (SV),LHD1,Gas,STREX,NCAT,NOx,1.7237484231951518e-05
2018,July,Sutter (SV),LHD1,Gas,STREX,NCAT,SOx,3.270709738414761e-08
2018,July,Sutter (SV),LHD1,Gas,STREX,NCAT,PM,7.498826042317641e-07
2018,July,Sutter (SV),LHD1,Gas,STREX,NCAT,TOG,0.00010556421122019211
2018,July,Sutter (SV),LHD1,Gas,STREX,NCAT,PM10,7.206371826667255e-07
2018,July,Sutter (SV),LHD1,Gas,STREX,NCAT,PM2_5,6.876423480805278e-07
2018,July,Sutter (SV),LHD1,Gas,HOTSOAK,CAT,TOG,0.001384851305194218
2018,July,Sutter (SV),LHD1,Gas,HOTSOAK,NCAT,TOG,0.00010013190251575071
2018,July,Sutter (SV),LHD1,Gas,RUNLOSS,CAT,TOG,0.007319195995711143
2018,July,Sutter (SV),LHD1,Gas,RUNLOSS,NCAT,TOG,0.00011085137550959418
2018,July,Sutter (SV),LHD1,Gas,RESTLOSS,CAT,TOG,2.8521102501663526e-05
2018,July,Sutter (SV),LHD1,Gas,RESTLOSS,NCAT,TOG,1.7001755745407943e-06
2018,July,Sutter (SV),LHD1,Gas,DIURN,CAT,TOG,0.00012168887631964741
2018,July,Sutter (SV),LHD1,Gas,DIURN,NCAT,TOG,7.2901128199094405e-06
2018,July,Sutter (SV),LHD1,Gas,PMTW,CAT,PM,0.00010995310551697262
2018,July,Sutter (SV),LHD1,Gas,PMTW,CAT,PM10,0.00010995310551697262
2018,July,Sutter (SV),LHD1,Gas,PMTW,CAT,PM2_5,2.7488276379243156e-05
2018,July,Sutter (SV),LHD1,Gas,PMTW,NCAT,PM,3.8768752208903567e-07
2018,July,Sutter (SV),LHD1,Gas,PMTW,NCAT,PM10,3.8768752208903567e-07
2018,July,Sutter (SV),LHD1,Gas,PMTW,NCAT,PM2_5,9.692188052225892e-08
2018,July,Sutter (SV),LHD1,Gas,PMBW,CAT,PM,0.0010720427787904825
2018,July,Sutter (SV),LHD1,Gas,PMBW,CAT,PM10,0.001050601923214673
2018,July,Sutter (SV),LHD1,Gas,PMBW,CAT,PM2_5,0.000450257967092003
2018,July,Sutter (SV),LHD1,Gas,PMBW,NCAT,PM,3.779953340368097e-06
2018,July,Sutter (SV),LHD1,Gas,PMBW,NCAT,PM10,3.7043542735607342e-06
2018,July,Sutter (SV),LHD1,Gas,PMBW,NCAT,PM2_5,1.5875804029545999e-06
2018,July,Sutter (SV),LHD2,Gas,RUNEX,CAT,CO,0.0015675730523959936
2018,July,Sutter (SV),LHD2,Gas,RUNEX,CAT,NOx,0.000503324677052777
2018,July,Sutter (SV),LHD2,Gas,RUNEX,CAT,SOx,2.5152349443069406e-05
2018,July,Sutter (SV),LHD2,Gas,RUNEX,CAT,PM,4.2206546330903235e-06
2018,July,Sutter (SV),LHD2,Gas,RUNEX,CAT,TOG,0.00012741160579275528
2018,July,Sutter (SV),LHD2,Gas,RUNEX,CAT,PM10,3.7732652419827386e-06
2018,July,Sutter (SV),LHD2,Gas,RUNEX,CAT,PM2_5,3.469378108400244e-06
2018,July,Sutter (SV),LHD2,Gas,IDLEX,CAT,CO,0.0002185215795808653
2018,July,Sutter (SV),LHD2,Gas,IDLEX,CAT,NOx,2.4399456028559647e-06
2018,July,Sutter (SV),LHD2,Gas,IDLEX,CAT,SOx,8.24938139167457e-08
2018,July,Sutter (SV),LHD2,Gas,IDLEX,CAT,TOG,4.0831300201526014e-05
2018,July,Sutter (SV),LHD2,Gas,STREX,CAT,CO,0.0013861008543790702
2018,July,Sutter (SV),LHD2,Gas,STREX,CAT,NOx,0.0005004386701945518
2018,July,Sutter (SV),LHD2,Gas,STREX,CAT,SOx,1.8669633079522944e-07
2018,July,Sutter (SV),LHD2,Gas,STREX,CAT,PM,3.0842035954489924e-07
2018,July,Sutter (SV),LHD2,Gas,STREX,CAT,TOG,0.00013026840275092954
2018,July,Sutter (SV),LHD2,Gas,STREX,CAT,PM10,2.757278014331401e-07
2018,July,Sutter (SV),LHD2,Gas,STREX,CAT,PM2_5,2.5352153554590714e-07
2018,July,Sutter (SV),LHD2,Gas,HOTSOAK,CAT,TOG,0.00012006174200162181
2018,July,Sutter (SV),LHD2,Gas,RUNLOSS,CAT,TOG,0.0005766435761676028
2018,July,Sutter (SV),LHD2,Gas,RESTLOSS,CAT,TOG,2.4798957562617044e-06
2018,July,Sutter (SV),LHD2,Gas,DIURN,CAT,TOG,9.690376607250172e-06
2018,July,Sutter (SV),LHD2,Gas,PMTW,CAT,PM,1.697591063225855e-05
2018,July,Sutter (SV),LHD2,Gas,PMTW,CAT,PM10,1.697591063225855e-05
2018,July,Sutter (SV),LHD2,Gas,PMTW,CAT,PM2_5,4.2439776580646375e-06
2018,July,Sutter (SV),LHD2,Gas,PMBW,CAT,PM,0.0001931009834419408
2018,July,Sutter (SV),LHD2,Gas,PMBW,CAT,PM10,0.00018923896377310204
2018,July,Sutter (SV),LHD2,Gas,PMBW,CAT,PM2_5,8.110241304561518e-05
2018,July,Sutter (SV),T6TS,Gas,RUNEX,CAT,CO,0.007299570971020536
2018,July,Sutter (SV),T6TS,Gas,RUNEX,CAT,NOx,0.0012868029877261308
2018,July,Sutter (SV),T6TS,Gas,RUNEX,CAT,SOx,2.118802884856289e-05
2018,July,Sutter (SV),T6TS,Gas,RUNEX,CAT,PM,2.8702073020906627e-06
2018,July,Sutter (SV),T6TS,Gas,RUNEX,CAT,TOG,0.0004928966538851896
2018,July,Sutter (SV),T6TS,Gas,RUNEX,CAT,PM10,2.5659653280690515e-06
2018,July,Sutter (SV),T6TS,Gas,RUNEX,CAT,PM2_5,2.359310402318524e-06
2018,July,Sutter (SV),T6TS,Gas,RUNEX,NCAT,CO,0.002155815585977682
2018,July,Sutter (SV),T6TS,Gas,RUNEX,NCAT,NOx,4.599994797512505e-05
2018,July,Sutter (SV),T6TS,Gas,RUNEX,NCAT,SOx,2.64533190495196e-07
2018,July,Sutter (SV),T6TS,Gas,RUNEX,NCAT,PM,5.233457308676723e-07
2018,July,Sutter (SV),T6TS,Gas,RUNEX,NCAT,TOG,8.327817877857133e-05
2018,July,Sutter (SV),T6TS,Gas,RUNEX,NCAT,PM10,5.02935247363833e-07
2018,July,Sutter (SV),T6TS,Gas,RUNEX,NCAT,PM2_5,4.799080352056553e-07
2018,July,Sutter (SV),T6TS,Gas,IDLEX,CAT,CO,0.00033094688750223185
2018,July,Sutter (SV),T6TS,Gas,IDLEX,CAT,NOx,2.9313861336055095e-06
2018,July,Sutter (SV),T6TS,Gas,IDLEX,CAT,SOx,1.8985523013178106e-07
2018,July,Sutter (SV),T6TS,Gas,IDLEX,CAT,TOG,4.318201459876241e-05
2018,July,Sutter (SV),T6TS,Gas,IDLEX,NCAT,CO,1.5189271555369304e-05
2018,July,Sutter (SV),T6TS,Gas,IDLEX,NCAT,NOx,1.3493685622677835e-07
2018,July,Sutter (SV),T6TS,Gas,IDLEX,NCAT,SOx,9.541029747184987e-09
2018,July,Sutter (SV),T6TS,Gas,IDLEX,NCAT,TOG,1.910651458774067e-06
2018,July,Sutter (SV),T6TS,Gas,STREX,CAT,CO,0.003827633247855939
2018,July,Sutter (SV),T6TS,Gas,STREX,CAT,NOx,0.00024945596486527333
2018,July,Sutter (SV),T6TS,Gas,STREX,CAT,SOx,2.73189001105888e-07
2018,July,Sutter (SV),T6TS,Gas,STREX,CAT,PM,7.281590723484632e-07
2018,July,Sutter (SV),T6TS,Gas,STREX,CAT,TOG,0.00017707408322059672
2018,July,Sutter (SV),T6TS,Gas,STREX,CAT,PM10,6.509742106795266e-07
2018,July,Sutter (SV),T6TS,Gas,STREX,CAT,PM2_5,5.985467574704361e-07
2018,July,Sutter (SV),T6TS,Gas,STREX,NCAT,CO,5.371396154845705e-06
2018,July,Sutter (SV),T6TS,Gas,STREX,NCAT,NOx,1.755558526683838e-05
2018,July,Sutter (SV),T6TS,Gas,STREX,NCAT,SOx,4.499955075405341e-08
2018,July,Sutter (SV),T6TS,Gas,STREX,NCAT,PM,4.988311010874498e-07
2018,July,Sutter (SV),T6TS,Gas,STREX,NCAT,TOG,0.00010509048511621543
2018,July,Sutter (SV),T6TS,Gas,STREX,NCAT,PM10,4.793766881450392e-07
2018,July,Sutter (SV),T6TS,Gas,STREX,NCAT,PM2_5,4.5742811969719154e-07
2018,July,Sutter (SV),T6TS,Gas,HOTSOAK,CAT,TOG,0.000163948729496989
2018,July,Sutter (SV),T6TS,Gas,HOTSOAK,NCAT,TOG,7.311216128806408e-05
2018,July,Sutter (SV),T6TS,Gas,RUNLOSS,CAT,TOG,0.000710779579311375
2018,July,Sutter (SV),T6TS,Gas,RUNLOSS,NCAT,TOG,9.507723730457748e-05
2018,July,Sutter (SV),T6TS,Gas,RESTLOSS,CAT,TOG,4.0246530886063475e-06
2018,July,Sutter (SV),T6TS,Gas,RESTLOSS,NCAT,TOG,8.244753926177448e-07
2018,July,Sutter (SV),T6TS,Gas,DIURN,CAT,TOG,1.680090758984595e-05
2018,July,Sutter (SV),T6TS,Gas,DIURN,NCAT,TOG,3.444763320156268e-06
2018,July,Sutter (SV),T6TS,Gas,PMTW,CAT,PM,1.3494568706746382e-05
2018,July,Sutter (SV),T6TS,Gas,PMTW,CAT,PM10,1.3494568706746382e-05
2018,July,Sutter (SV),T6TS,Gas,PMTW,CAT,PM2_5,3.3736421766865955e-06
2018,July,Sutter (SV),T6TS,Gas,PMTW,NCAT,PM,1.4229280854832004e-07
2018,July,Sutter (SV),T6TS,Gas,PMTW,NCAT,PM10,1.4229280854832004e-07
2018,July,Sutter (SV),T6TS,Gas,PMTW,NCAT,PM2_5,3.557320213708001e-08
2018,July,Sutter (SV),T6TS,Gas,PMBW,CAT,PM,0.00014956480316643937
2018,July,Sutter (SV),T6TS,Gas,PMBW,CAT,PM10,0.00014657350710311037
2018,July,Sutter (SV),T6TS,Gas,PMBW,CAT,PM2_5,6.281721732990444e-05
2018,July,Sutter (SV),T6TS,Gas,PMBW,NCAT,PM,1.577078628077214e-06
2018,July,Sutter (SV),T6TS,Gas,PMBW,NCAT,PM10,1.5455370555156691e-06
2018,July,Sutter (SV),T6TS,Gas,PMBW,NCAT,PM2_5,6.623730237924296e-07
2018,July,Sutter (SV),T7IS,Gas,RUNEX,CAT,CO,0.0010360124762681842
2018,July,Sutter (SV),T7IS,Gas,RUNEX,CAT,NOx,0.00016784096453092092
2018,July,Sutter (SV),T7IS,Gas,RUNEX,CAT,SOx,2.380404308319681e-07
2018,July,Sutter (SV),T7IS,Gas,RUNEX,CAT,PM,9.338344547029255e-08
2018,July,Sutter (SV),T7IS,Gas,RUNEX,CAT,TOG,4.82508076961665e-05
2018,July,Sutter (SV),T7IS,Gas,RUNEX,CAT,PM10,8.34848002504415e-08
2018,July,Sutter (SV),T7IS,Gas,RUNEX,CAT,PM2_5,7.676119217658051e-08
2018,July,Sutter (SV),T7IS,Gas,STREX,CAT,CO,3.043772364889668e-05
2018,July,Sutter (SV),T7IS,Gas,STREX,CAT,NOx,1.118188316862131e-08
2018,July,Sutter (SV),T7IS,Gas,STREX,CAT,SOx,5.30878581851688e-09
2018,July,Sutter (SV),T7IS,Gas,STREX,CAT,PM,2.538841575388775e-08
2018,July,Sutter (SV),T7IS,Gas,STREX,CAT,TOG,2.675100053853452e-09
2018,July,Sutter (SV),T7IS,Gas,STREX,CAT,PM10,2.2697243683975667e-08
2018,July,Sutter (SV),T7IS,Gas,STREX,CAT,PM2_5,2.086927774969571e-08
2018,July,Sutter (SV),T7IS,Gas,HOTSOAK,CAT,TOG,5.788637488047082e-06
2018,July,Sutter (SV),T7IS,Gas,RUNLOSS,CAT,TOG,3.3107139401846864e-05
2018,July,Sutter (SV),T7IS,Gas,RESTLOSS,CAT,TOG,1.628306393504598e-07
2018,July,Sutter (SV),T7IS,Gas,DIURN,CAT,TOG,5.308925781133345e-07
2018,July,Sutter (SV),T7IS,Gas,PMTW,CAT,PM,1.8257363086742102e-07
2018,July,Sutter (SV),T7IS,Gas,PMTW,CAT,PM10,1.8257363086742102e-07
2018,July,Sutter (SV),T7IS,Gas,PMTW,CAT,PM2_5,4.5643407716855254e-08
2018,July,Sutter (SV),T7IS,Gas,PMBW,CAT,PM,5.751069372323758e-07
2018,July,Sutter (SV),T7IS,Gas,PMBW,CAT,PM10,5.636047984877283e-07
2018,July,Sutter (SV),T7IS,Gas,PMBW,CAT,PM2_5,2.4154491363759776e-07
2018,July,Sutter (SV),LDT1,Dsl,RUNEX,DSL,CO,2.8744061895992212e-05
2018,July,Sutter (SV),LDT1,Dsl,RUNEX,DSL,NOx,2.681882486807729e-05
2018,July,Sutter (SV),LDT1,Dsl,RUNEX,DSL,SOx,7.686936927656432e-08
2018,July,Sutter (SV),LDT1,Dsl,RUNEX,DSL,PM,3.8012232410631857e-06
2018,July,Sutter (SV),LDT1,Dsl,RUNEX,DSL,TOG,5.758288709320091e-06
2018,July,Sutter (SV),LDT1,Dsl,RUNEX,DSL,PM10,3.778415901616808e-06
2018,July,Sutter (SV),LDT1,Dsl,RUNEX,DSL,PM2_5,3.6149633022510874e-06
2018,July,Sutter (SV),LDT1,Dsl,PMTW,DSL,PM,1.4934203838900842e-07
2018,July,Sutter (SV),LDT1,Dsl,PMTW,DSL,PM10,1.4934203838900842e-07
2018,July,Sutter (SV),LDT1,Dsl,PMTW,DSL,PM2_5,3.7335509597252106e-08
2018,July,Sutter (SV),LDT1,Dsl,PMBW,DSL,PM,7.000408049484776e-07
2018,July,Sutter (SV),LDT1,Dsl,PMBW,DSL,PM10,6.860399888495078e-07
2018,July,Sutter (SV),LDT1,Dsl,PMBW,DSL,PM2_5,2.940171380783603e-07
2018,July,Sutter (SV),LDT2,Dsl,RUNEX,DSL,CO,0.00010139266085329831
2018,July,Sutter (SV),LDT2,Dsl,RUNEX,DSL,NOx,6.160823499268621e-05
2018,July,Sutter (SV),LDT2,Dsl,RUNEX,DSL,SOx,1.5191519006018804e-06
2018,July,Sutter (SV),LDT2,Dsl,RUNEX,DSL,PM,6.814118037993573e-06
2018,July,Sutter (SV),LDT2,Dsl,RUNEX,DSL,TOG,1.5265362150707498e-05
2018,July,Sutter (SV),LDT2,Dsl,RUNEX,DSL,PM10,6.773233329765616e-06
2018,July,Sutter (SV),LDT2,Dsl,RUNEX,DSL,PM2_5,6.480226254131886e-06
2018,July,Sutter (SV),LDT2,Dsl,PMTW,DSL,PM,4.1379875709935955e-06
2018,July,Sutter (SV),LDT2,Dsl,PMTW,DSL,PM10,4.1379875709935955e-06
2018,July,Sutter (SV),LDT2,Dsl,PMTW,DSL,PM2_5,1.0344968927483989e-06
2018,July,Sutter (SV),LDT2,Dsl,PMBW,DSL,PM,1.9396816739032486e-05
2018,July,Sutter (SV),LDT2,Dsl,PMBW,DSL,PM10,1.900888040425183e-05
2018,July,Sutter (SV),LDT2,Dsl,PMBW,DSL,PM2_5,8.14666303039364e-06
2018,July,Sutter (SV),MDV,Dsl,RUNEX,DSL,CO,0.0007401936217287943
2018,July,Sutter (SV),MDV,Dsl,RUNEX,DSL,NOx,0.0003066534463236001
2018,July,Sutter (SV),MDV,Dsl,RUNEX,DSL,SOx,1.193750050483311e-05
2018,July,Sutter (SV),MDV,Dsl,RUNEX,DSL,PM,2.799846536328149e-05
2018,July,Sutter (SV),MDV,Dsl,RUNEX,DSL,TOG,6.152948256240022e-05
2018,July,Sutter (SV),MDV,Dsl,RUNEX,DSL,PM10,2.78304745711018e-05
2018,July,Sutter (SV),MDV,Dsl,RUNEX,DSL,PM2_5,2.662654056048071e-05
2018,July,Sutter (SV),MDV,Dsl,PMTW,DSL,PM,2.4594180504863852e-05
2018,July,Sutter (SV),MDV,Dsl,PMTW,DSL,PM10,2.4594180504863852e-05
2018,July,Sutter (SV),MDV,Dsl,PMTW,DSL,PM2_5,6.148545126215963e-06
2018,July,Sutter (SV),MDV,Dsl,PMBW,DSL,PM,0.00011528522111654923
2018,July,Sutter (SV),MDV,Dsl,PMBW,DSL,PM10,0.00011297951669421822
2018,July,Sutter (SV),MDV,Dsl,PMBW,DSL,PM2_5,4.841979286895068e-05
2018,July,Sutter (SV),LHD1,Dsl,RUNEX,DSL,CO,0.023158287436833833
2018,July,Sutter (SV),LHD1,Dsl,RUNEX,DSL,NOx,0.08441298387782989
2018,July,Sutter (SV),LHD1,Dsl,RUNEX,DSL,SOx,0.00013699863811668207
2018,July,Sutter (SV),LHD1,Dsl,RUNEX,DSL,PM,0.0009388523932286221
2018,July,Sutter (SV),LHD1,Dsl,RUNEX,DSL,TOG,0.005794034882673781
2018,July,Sutter (SV),LHD1,Dsl,RUNEX,DSL,PM10,0.0009332192788692501
2018,July,Sutter (SV),LHD1,Dsl,RUNEX,DSL,PM2_5,0.0008928486259604197
2018,July,Sutter (SV),LHD1,Dsl,IDLEX,DSL,CO,0.0006107414896520942
2018,July,Sutter (SV),LHD1,Dsl,IDLEX,DSL,NOx,0.0017119012016112072
2018,July,Sutter (SV),LHD1,Dsl,IDLEX,DSL,SOx,8.987960695796472e-07
2018,July,Sutter (SV),LHD1,Dsl,IDLEX,DSL,PM,1.909082163759406e-05
2018,July,Sutter (SV),LHD1,Dsl,IDLEX,DSL,TOG,8.388577367719006e-05
2018,July,Sutter (SV),LHD1,Dsl,IDLEX,DSL,PM10,1.897627670776848e-05
2018,July,Sutter (SV),LHD1,Dsl,IDLEX,DSL,PM2_5,1.8155371377351948e-05
2018,July,Sutter (SV),LHD1,Dsl,PMTW,DSL,PM,0.0002953196555345642
2018,July,Sutter (SV),LHD1,Dsl,PMTW,DSL,PM10,0.0002953196555345642
2018,July,Sutter (SV),LHD1,Dsl,PMTW,DSL,PM2_5,7.382991388364105e-05
2018,July,Sutter (SV),LHD1,Dsl,PMBW,DSL,PM,0.0019195777609746698
2018,July,Sutter (SV),LHD1,Dsl,PMBW,DSL,PM10,0.0018811862057551746
2018,July,Sutter (SV),LHD1,Dsl,PMBW,DSL,PM2_5,0.000806222659609361
2018,July,Sutter (SV),LHD2,Dsl,RUNEX,DSL,CO,0.004861608846137217
2018,July,Sutter (SV),LHD2,Dsl,RUNEX,DSL,NOx,0.014842259058335121
2018,July,Sutter (SV),LHD2,Dsl,RUNEX,DSL,SOx,3.8056839835265604e-05
2018,July,Sutter (SV),LHD2,Dsl,RUNEX,DSL,PM,0.00018283685614228992
2018,July,Sutter (SV),LHD2,Dsl,RUNEX,DSL,TOG,0.0012213613493849947
2018,July,Sutter (SV),LHD2,Dsl,RUNEX,DSL,PM10,0.00018173983500543647
2018,July,Sutter (SV),LHD2,Dsl,RUNEX,DSL,PM2_5,0.00017387785019131778
2018,July,Sutter (SV),LHD2,Dsl,IDLEX,DSL,CO,0.0001426491712633288
2018,July,Sutter (SV),LHD2,Dsl,IDLEX,DSL,NOx,0.0003987189747327401
2018,July,Sutter (SV),LHD2,Dsl,IDLEX,DSL,SOx,3.366793780675656e-07
2018,July,Sutter (SV),LHD2,Dsl,IDLEX,DSL,PM,4.2642625598241014e-06
2018,July,Sutter (SV),LHD2,Dsl,IDLEX,DSL,TOG,1.9592964124069617e-05
2018,July,Sutter (SV),LHD2,Dsl,IDLEX,DSL,PM10,4.238676984465157e-06
2018,July,Sutter (SV),LHD2,Dsl,IDLEX,DSL,PM2_5,4.05531369439272e-06
2018,July,Sutter (SV),LHD2,Dsl,PMTW,DSL,PM,7.33431631383272e-05
2018,July,Sutter (SV),LHD2,Dsl,PMTW,DSL,PM10,7.33431631383272e-05
2018,July,Sutter (SV),LHD2,Dsl,PMTW,DSL,PM2_5,1.83357907845818e-05
2018,July,Sutter (SV),LHD2,Dsl,PMBW,DSL,PM,0.0005561856537989816
2018,July,Sutter (SV),LHD2,Dsl,PMBW,DSL,PM10,0.000545061940723002
2018,July,Sutter (SV),LHD2,Dsl,PMBW,DSL,PM2_5,0.00023359797459557223
2018,July,Sutter (SV),LDT1,Elec,HOTSOAK,CAT,TOG,1.5263170756563387e-08
2018,July,Sutter (SV),LDT1,Elec,RESTLOSS,CAT,TOG,2.0122368198327283e-08
2018,July,Sutter (SV),LDT1,Elec,DIURN,CAT,TOG,6.164263309871533e-08
2018,July,Sutter (SV),LDT1,Elec,PMTW,CAT,PM,1.879746385267048e-07
2018,July,Sutter (SV),LDT1,Elec,PMTW,CAT,PM10,1.879746385267048e-07
2018,July,Sutter (SV),LDT1,Elec,PMTW,CAT,PM2_5,4.69936596316762e-08
2018,July,Sutter (SV),LDT1,Elec,PMBW,CAT,PM,8.811311180939288e-07
2018,July,Sutter (SV),LDT1,Elec,PMBW,CAT,PM10,8.635084957320503e-07
2018,July,Sutter (SV),LDT1,Elec,PMBW,CAT,PM2_5,3.7007506959945014e-07
2018,July,Sutter (SV),LDT2,Elec,HOTSOAK,CAT,TOG,1.531406845904732e-07
2018,July,Sutter (SV),LDT2,Elec,RESTLOSS,CAT,TOG,1.9719936273713099e-07
2018,July,Sutter (SV),LDT2,Elec,DIURN,CAT,TOG,6.040982773347682e-07
2018,July,Sutter (SV),LDT2,Elec,PMTW,CAT,PM,1.7939573669294694e-06
2018,July,Sutter (SV),LDT2,Elec,PMTW,CAT,PM10,1.7939573669294694e-06
2018,July,Sutter (SV),LDT2,Elec,PMTW,CAT,PM2_5,4.4848934173236735e-07
2018,July,Sutter (SV),LDT2,Elec,PMBW,CAT,PM,8.409175157481884e-06
2018,July,Sutter (SV),LDT2,Elec,PMBW,CAT,PM10,8.24099165433225e-06
2018,July,Sutter (SV),LDT2,Elec,PMBW,CAT,PM2_5,3.5318535661423925e-06
2018,July,Sutter (SV),MDV,Elec,HOTSOAK,CAT,TOG,2.6319387899454142e-08
2018,July,Sutter (SV),MDV,Elec,RESTLOSS,CAT,TOG,3.491046993438662e-08
2018,July,Sutter (SV),MDV,Elec,DIURN,CAT,TOG,1.0694433519251545e-07
2018,July,Sutter (SV),MDV,Elec,PMTW,CAT,PM,2.9271481290358327e-07
2018,July,Sutter (SV),MDV,Elec,PMTW,CAT,PM10,2.9271481290358327e-07
2018,July,Sutter (SV),MDV,Elec,PMTW,CAT,PM2_5,7.317870322589582e-08
2018,July,Sutter (SV),MDV,Elec,PMBW,CAT,PM,1.3721006854855472e-06
2018,July,Sutter (SV),MDV,Elec,PMBW,CAT,PM10,1.3446586717758353e-06
2018,July,Sutter (SV),MDV,Elec,PMBW,CAT,PM2_5,5.762822879039296e-07
2018,July,Sutter (SV),SBUS,Gas,RUNEX,CAT,CO,1.1512198253969825e-05
2018,July,Sutter (SV),SBUS,Gas,RUNEX,CAT,NOx,6.1675217437053265e-06
2018,July,Sutter (SV),SBUS,Gas,RUNEX,CAT,SOx,4.68159426331208e-07
2018,July,Sutter (SV),SBUS,Gas,RUNEX,CAT,PM,2.957850444262509e-08
2018,July,Sutter (SV),SBUS,Gas,RUNEX,CAT,TOG,9.560262395604462e-07
2018,July,Sutter (SV),SBUS,Gas,RUNEX,CAT,PM10,2.6443182971706832e-08
2018,July,Sutter (SV),SBUS,Gas,RUNEX,CAT,PM2_5,2.4313530651837822e-08
2018,July,Sutter (SV),SBUS,Gas,IDLEX,CAT,CO,0.00011198743338574733
2018,July,Sutter (SV),SBUS,Gas,IDLEX,CAT,NOx,1.2616567875281608e-06
2018,July,Sutter (SV),SBUS,Gas,IDLEX,CAT,SOx,3.598640711677652e-08
2018,July,Sutter (SV),SBUS,Gas,IDLEX,CAT,TOG,2.1144589963051457e-05
2018,July,Sutter (SV),SBUS,Gas,STREX,CAT,CO,2.701862713217237e-05
2018,July,Sutter (SV),SBUS,Gas,STREX,CAT,NOx,2.3019963142440155e-06
2018,July,Sutter (SV),SBUS,Gas,STREX,CAT,SOx,2.3621736238993417e-09
2018,July,Sutter (SV),SBUS,Gas,STREX,CAT,PM,1.275034648606982e-09
2018,July,Sutter (SV),SBUS,Gas,STREX,CAT,TOG,1.4970354187934236e-06
2018,July,Sutter (SV),SBUS,Gas,STREX,CAT,PM10,1.1398809758546417e-09
2018,July,Sutter (SV),SBUS,Gas,STREX,CAT,PM2_5,1.048078481154939e-09
2018,July,Sutter (SV),SBUS,Gas,HOTSOAK,CAT,TOG,3.1297871282796393e-07
2018,July,Sutter (SV),SBUS,Gas,RUNLOSS,CAT,TOG,1.7857454490786997e-06
2018,July,Sutter (SV),SBUS,Gas,RESTLOSS,CAT,TOG,2.9141626417690912e-08
2018,July,Sutter (SV),SBUS,Gas,DIURN,CAT,TOG,1.3938602863783913e-07
2018,July,Sutter (SV),SBUS,Gas,PMTW,CAT,PM,4.2775132234791834e-07
2018,July,Sutter (SV),SBUS,Gas,PMTW,CAT,PM10,4.2775132234791834e-07
2018,July,Sutter (SV),SBUS,Gas,PMTW,CAT,PM2_5,1.0693783058697958e-07
2018,July,Sutter (SV),SBUS,Gas,PMBW,CAT,PM,4.0636375088363095e-05
2018,July,Sutter (SV),SBUS,Gas,PMBW,CAT,PM10,3.9823647586595826e-05
2018,July,Sutter (SV),SBUS,Gas,PMBW,CAT,PM2_5,1.7067277537112498e-05
2018,July,Sutter (SV),OBUS,Gas,RUNEX,CAT,CO,0.000989398735786921
2018,July,Sutter (SV),OBUS,Gas,RUNEX,CAT,NOx,0.000249812366293511
2018,July,Sutter (SV),OBUS,Gas,RUNEX,CAT,SOx,4.539240020292561e-06
2018,July,Sutter (SV),OBUS,Gas,RUNEX,CAT,PM,2.969017604029868e-07
2018,July,Sutter (SV),OBUS,Gas,RUNEX,CAT,TOG,6.304808149387362e-05
2018,July,Sutter (SV),OBUS,Gas,RUNEX,CAT,PM10,2.6543017380027017e-07
2018,July,Sutter (SV),OBUS,Gas,RUNEX,CAT,PM2_5,2.4405324705125507e-07
2018,July,Sutter (SV),OBUS,Gas,IDLEX,CAT,CO,3.7543510484658976e-05
2018,July,Sutter (SV),OBUS,Gas,IDLEX,CAT,NOx,4.2296619053805024e-07
2018,July,Sutter (SV),OBUS,Gas,IDLEX,CAT,SOx,2.5213514796858256e-08
2018,July,Sutter (SV),OBUS,Gas,IDLEX,CAT,TOG,7.070140163481001e-06
2018,July,Sutter (SV),OBUS,Gas,STREX,CAT,CO,0.0005414265353722057
2018,July,Sutter (SV),OBUS,Gas,STREX,CAT,NOx,4.636169091811076e-05
2018,July,Sutter (SV),OBUS,Gas,STREX,CAT,SOx,3.701119160997192e-08
2018,July,Sutter (SV),OBUS,Gas,STREX,CAT,PM,3.5746197757955006e-08
2018,July,Sutter (SV),OBUS,Gas,STREX,CAT,TOG,2.8312122352492595e-05
2018,July,Sutter (SV),OBUS,Gas,STREX,CAT,PM10,3.1957100795611746e-08
2018,July,Sutter (SV),OBUS,Gas,STREX,CAT,PM2_5,2.938337455703899e-08
2018,July,Sutter (SV),OBUS,Gas,HOTSOAK,CAT,TOG,6.569640264023889e-06
2018,July,Sutter (SV),OBUS,Gas,RUNLOSS,CAT,TOG,6.145897616412445e-05
2018,July,Sutter (SV),OBUS,Gas,RESTLOSS,CAT,TOG,2.5856895166613765e-07
2018,July,Sutter (SV),OBUS,Gas,DIURN,CAT,TOG,1.3068349930410177e-06
2018,July,Sutter (SV),OBUS,Gas,PMTW,CAT,PM,2.9585190319350446e-06
2018,July,Sutter (SV),OBUS,Gas,PMTW,CAT,PM10,2.9585190319350446e-06
2018,July,Sutter (SV),OBUS,Gas,PMTW,CAT,PM2_5,7.396297579837611e-07
2018,July,Sutter (SV),OBUS,Gas,PMBW,CAT,PM,3.279025260394677e-05
2018,July,Sutter (SV),OBUS,Gas,PMBW,CAT,PM10,3.213444755186785e-05
2018,July,Sutter (SV),OBUS,Gas,PMBW,CAT,PM2_5,1.3771906093657642e-05
2018,July,Sutter (SV),MCY,Gas,RUNEX,CAT,CO,0.02028202223453934
2018,July,Sutter (SV),MCY,Gas,RUNEX,CAT,NOx,0.0013906632702583056
2018,July,Sutter (SV),MCY,Gas,RUNEX,CAT,SOx,3.357555606702576e-06
2018,July,Sutter (SV),MCY,Gas,RUNEX,CAT,PM,2.547806440917794e-06
2018,July,Sutter (SV),MCY,Gas,RUNEX,CAT,TOG,0.0036202631955106284
2018,July,Sutter (SV),MCY,Gas,RUNEX,CAT,PM10,2.3476055678270025e-06
2018,July,Sutter (SV),MCY,Gas,RUNEX,CAT,PM2_5,2.193361490201844e-06
2018,July,Sutter (SV),MCY,Gas,RUNEX,NCAT,CO,0.0572361075528348
2018,July,Sutter (SV),MCY,Gas,RUNEX,NCAT,NOx,0.0018617916472186183
2018,July,Sutter (SV),MCY,Gas,RUNEX,NCAT,SOx,3.665081011142662e-06
2018,July,Sutter (SV),MCY,Gas,RUNEX,NCAT,PM,3.937471696201055e-06
2018,July,Sutter (SV),MCY,Gas,RUNEX,NCAT,TOG,0.006037147027655949
2018,July,Sutter (SV),MCY,Gas,RUNEX,NCAT,PM10,3.714043690402723e-06
2018,July,Sutter (SV),MCY,Gas,RUNEX,NCAT,PM2_5,3.511596949648953e-06
2018,July,Sutter (SV),MCY,Gas,STREX,CAT,CO,0.0021710958360515098
2018,July,Sutter (SV),MCY,Gas,STREX,CAT,NOx,9.132384760091996e-05
2018,July,Sutter (SV),MCY,Gas,STREX,CAT,SOx,2.1530564385941433e-07
2018,July,Sutter (SV),MCY,Gas,STREX,CAT,PM,8.185449103867032e-07
2018,July,Sutter (SV),MCY,Gas,STREX,CAT,TOG,0.0005790284228410325
2018,July,Sutter (SV),MCY,Gas,STREX,CAT,PM10,7.582080022806526e-07
2018,July,Sutter (SV),MCY,Gas,STREX,CAT,PM2_5,7.103176622709954e-07
2018,July,Sutter (SV),MCY,Gas,STREX,NCAT,CO,0.006765937680100965
2018,July,Sutter (SV),MCY,Gas,STREX,NCAT,NOx,0.00017766462121065175
2018,July,Sutter (SV),MCY,Gas,STREX,NCAT,SOx,4.577915038802516e-07
2018,July,Sutter (SV),MCY,Gas,STREX,NCAT,PM,3.536006509314471e-06
2018,July,Sutter (SV),MCY,Gas,STREX,NCAT,TOG,0.0014584197714400113
2018,July,Sutter (SV),MCY,Gas,STREX,NCAT,PM10,3.3716734030562646e-06
2018,July,Sutter (SV),MCY,Gas,STREX,NCAT,PM2_5,3.205044223108248e-06
2018,July,Sutter (SV),MCY,Gas,HOTSOAK,CAT,TOG,0.0003349895741188342
2018,July,Sutter (SV),MCY,Gas,HOTSOAK,NCAT,TOG,0.0014912955632219163
2018,July,Sutter (SV),MCY,Gas,RUNLOSS,CAT,TOG,0.00040489506884691396
2018,July,Sutter (SV),MCY,Gas,RUNLOSS,NCAT,TOG,0.0025458403505784115
2018,July,Sutter (SV),MCY,Gas,RESTLOSS,CAT,TOG,0.0005017606603072087
2018,July,Sutter (SV),MCY,Gas,RESTLOSS,NCAT,TOG,0.0016589982520473763
2018,July,Sutter (SV),MCY,Gas,DIURN,CAT,TOG,0.001319379452736468
2018,July,Sutter (SV),MCY,Gas,DIURN,NCAT,TOG,0.004586513008726787
2018,July,Sutter (SV),MCY,Gas,PMTW,CAT,PM,6.3189520233015515e-06
2018,July,Sutter (SV),MCY,Gas,PMTW,CAT,PM10,6.3189520233015515e-06
2018,July,Sutter (SV),MCY,Gas,PMTW,CAT,PM2_5,1.5797380058253879e-06
2018,July,Sutter (SV),MCY,Gas,PMTW,NCAT,PM,6.801677031646671e-06
2018,July,Sutter (SV),MCY,Gas,PMTW,NCAT,PM10,6.801677031646671e-06
2018,July,Sutter (SV),MCY,Gas,PMTW,NCAT,PM2_5,1.7004192579116678e-06
2018,July,Sutter (SV),MCY,Gas,PMBW,CAT,PM,1.8956856069904644e-05
2018,July,Sutter (SV),MCY,Gas,PMBW,CAT,PM10,1.857771894850655e-05
2018,July,Sutter (SV),MCY,Gas,PMBW,CAT,PM2_5,7.961879549359949e-06
2018,July,Sutter (SV),MCY,Gas,PMBW,NCAT,PM,2.0405031094939993e-05
2018,July,Sutter (SV),MCY,Gas,PMBW,NCAT,PM10,1.9996930473041223e-05
2018,July,Sutter (SV),MCY,Gas,PMBW,NCAT,PM2_5,8.570113059874804e-06
2018,July,Sutter (SV),MH,Gas,RUNEX,CAT,CO,0.0025487345606117246
2018,July,Sutter (SV),MH,Gas,RUNEX,CAT,NOx,0.00043257901049665286
2018,July,Sutter (SV),MH,Gas,RUNEX,CAT,SOx,1.3023844312542228e-05
2018,July,Sutter (SV),MH,Gas,RUNEX,CAT,PM,1.785417857851625e-06
2018,July,Sutter (SV),MH,Gas,RUNEX,CAT,TOG,0.00013764619115529757
2018,July,Sutter (SV),MH,Gas,RUNEX,CAT,PM10,1.5961635649193533e-06
2018,July,Sutter (SV),MH,Gas,RUNEX,CAT,PM2_5,1.46761347915404e-06
2018,July,Sutter (SV),MH,Gas,RUNEX,NCAT,CO,0.00029817345907404944
2018,July,Sutter (SV),MH,Gas,RUNEX,NCAT,NOx,6.910906390113414e-06
2018,July,Sutter (SV),MH,Gas,RUNEX,NCAT,SOx,3.698440009137005e-08
2018,July,Sutter (SV),MH,Gas,RUNEX,NCAT,PM,7.326034240401765e-08
2018,July,Sutter (SV),MH,Gas,RUNEX,NCAT,TOG,1.2010204524817033e-05
2018,July,Sutter (SV),MH,Gas,RUNEX,NCAT,PM10,7.040318905026095e-08
2018,July,Sutter (SV),MH,Gas,RUNEX,NCAT,PM2_5,6.717973398448418e-08
2018,July,Sutter (SV),MH,Gas,STREX,CAT,CO,2.5215491699392006e-05
2018,July,Sutter (SV),MH,Gas,STREX,CAT,NOx,2.396548911783943e-06
2018,July,Sutter (SV),MH,Gas,STREX,CAT,SOx,2.0839908421627534e-09
2018,July,Sutter (SV),MH,Gas,STREX,CAT,PM,4.062403720526512e-09
2018,July,Sutter (SV),MH,Gas,STREX,CAT,TOG,1.2909656946545708e-06
2018,July,Sutter (SV),MH,Gas,STREX,CAT,PM10,3.6317889261507112e-09
2018,July,Sutter (SV),MH,Gas,STREX,CAT,PM2_5,3.339295858272794e-09
2018,July,Sutter (SV),MH,Gas,STREX,NCAT,CO,5.711171309750619e-09
2018,July,Sutter (SV),MH,Gas,STREX,NCAT,NOx,1.7597912090379492e-08
2018,July,Sutter (SV),MH,Gas,STREX,NCAT,SOx,4.473885278390229e-11
2018,July,Sutter (SV),MH,Gas,STREX,NCAT,PM,5.337590906978815e-10
2018,July,Sutter (SV),MH,Gas,STREX,NCAT,TOG,1.075722212957982e-07
2018,July,Sutter (SV),MH,Gas,STREX,NCAT,PM10,5.129424861606642e-10
2018,July,Sutter (SV),MH,Gas,STREX,NCAT,PM2_5,4.894570861699575e-10
2018,July,Sutter (SV),MH,Gas,HOTSOAK,CAT,TOG,1.2661432439071233e-06
2018,July,Sutter (SV),MH,Gas,HOTSOAK,NCAT,TOG,2.611457600847149e-08
2018,July,Sutter (SV),MH,Gas,RUNLOSS,CAT,TOG,2.2689078951993596e-05
2018,July,Sutter (SV),MH,Gas,RUNLOSS,NCAT,TOG,1.25211499451538e-07
2018,July,Sutter (SV),MH,Gas,RESTLOSS,CAT,TOG,8.179947119516213e-06
2018,July,Sutter (SV),MH,Gas,RESTLOSS,NCAT,TOG,1.6565458643105794e-07
2018,July,Sutter (SV),MH,Gas,DIURN,CAT,TOG,5.0431637994661494e-05
2018,July,Sutter (SV),MH,Gas,DIURN,NCAT,TOG,9.786892054115032e-07
2018,July,Sutter (SV),MH,Gas,PMTW,CAT,PM,8.226203780223484e-06
2018,July,Sutter (SV),MH,Gas,PMTW,CAT,PM10,8.226203780223484e-06
2018,July,Sutter (SV),MH,Gas,PMTW,CAT,PM2_5,2.056550945055871e-06
2018,July,Sutter (SV),MH,Gas,PMTW,NCAT,PM,1.991880178060546e-08
2018,July,Sutter (SV),MH,Gas,PMTW,NCAT,PM10,1.991880178060546e-08
2018,July,Sutter (SV),MH,Gas,PMTW,NCAT,PM2_5,4.979700445151365e-09
2018,July,Sutter (SV),MH,Gas,PMBW,CAT,PM,9.117375856414352e-05
2018,July,Sutter (SV),MH,Gas,PMBW,CAT,PM10,8.935028339286083e-05
2018,July,Sutter (SV),MH,Gas,PMBW,CAT,PM2_5,3.8292978596940365e-05
2018,July,Sutter (SV),MH,Gas,PMBW,NCAT,PM,2.2076671973504388e-07
2018,July,Sutter (SV),MH,Gas,PMBW,NCAT,PM10,2.16351385340343e-07
2018,July,Sutter (SV),MH,Gas,PMBW,NCAT,PM2_5,9.272202228871841e-08
2018,July,Sutter (SV),MH,Dsl,RUNEX,DSL,CO,0.0001395093223636035
2018,July,Sutter (SV),MH,Dsl,RUNEX,DSL,NOx,0.0013749004918093568
2018,July,Sutter (SV),MH,Dsl,RUNEX,DSL,SOx,2.39192921202076e-06
2018,July,Sutter (SV),MH,Dsl,RUNEX,DSL,PM,4.766680527248638e-05
2018,July,Sutter (SV),MH,Dsl,RUNEX,DSL,TOG,4.425047461920035e-05
2018,July,Sutter (SV),MH,Dsl,RUNEX,DSL,PM10,4.7380804440851406e-05
2018,July,Sutter (SV),MH,Dsl,RUNEX,DSL,PM2_5,4.5331131814134454e-05
2018,July,Sutter (SV),MH,Dsl,PMTW,DSL,PM,3.8017946468283843e-06
2018,July,Sutter (SV),MH,Dsl,PMTW,DSL,PM10,3.8017946468283843e-06
2018,July,Sutter (SV),MH,Dsl,PMTW,DSL,PM2_5,9.504486617070961e-07
2018,July,Sutter (SV),MH,Dsl,PMBW,DSL,PM,3.1602418001760904e-05
2018,July,Sutter (SV),MH,Dsl,PMBW,DSL,PM10,3.0970369641725726e-05
2018,July,Sutter (SV),MH,Dsl,PMBW,DSL,PM2_5,1.3273015560739583e-05
2018,July,Sutter (SV),SBUS,Dsl,RUNEX,DSL,CO,0.000254399881065453
2018,July,Sutter (SV),SBUS,Dsl,RUNEX,DSL,NOx,0.006017422564078426
2018,July,Sutter (SV),SBUS,Dsl,RUNEX,DSL,PM,4.5129315944347705e-05
2018,July,Sutter (SV),SBUS,Dsl,RUNEX,DSL,PM10,4.485854004868161e-05
2018,July,Sutter (SV),SBUS,Dsl,RUNEX,DSL,PM2_5,4.291797946307466e-05
2018,July,Sutter (SV),SBUS,Dsl,IDLEX,DSL,CO,0.00011715690467770898
2018,July,Sutter (SV),SBUS,Dsl,IDLEX,DSL,NOx,0.0016071027912972612
2018,July,Sutter (SV),SBUS,Dsl,IDLEX,DSL,PM,1.6003724060638223e-06
2018,July,Sutter (SV),SBUS,Dsl,IDLEX,DSL,PM10,1.5907701716274388e-06
2018,July,Sutter (SV),SBUS,Dsl,IDLEX,DSL,PM2_5,1.521954158166696e-06
2018,July,Sutter (SV),SBUS,Dsl,STREX,DSL,NOx,0.0001672322211477782
2018,July,Sutter (SV),SBUS,Dsl,PMTW,DSL,PM,1.0939688257670514e-05
2018,July,Sutter (SV),SBUS,Dsl,PMTW,DSL,PM10,1.0939688257670514e-05
2018,July,Sutter (SV),SBUS,Dsl,PMTW,DSL,PM2_5,2.7349220644176286e-06
2018,July,Sutter (SV),SBUS,Dsl,PMBW,DSL,PM,0.0006928469229857999
2018,July,Sutter (SV),SBUS,Dsl,PMBW,DSL,PM10,0.000678989984526083
2018,July,Sutter (SV),SBUS,Dsl,PMBW,DSL,PM2_5,0.00029099570765403574
2018,July,Sutter (SV),SBUS,Dsl,RUNEX,DSL,SOx,1.0148904913685012e-05
2018,July,Sutter (SV),SBUS,Dsl,IDLEX,DSL,SOx,1.0854785185419148e-06
2018,July,Sutter (SV),SBUS,Dsl,RUNEX,DSL,TOG,0.000104422943539419
2018,July,Sutter (SV),SBUS,Dsl,IDLEX,DSL,TOG,8.781616084196643e-06
2018,     ,Sutter (SV),LDA,Dsl,RUNEX,DSL,NH3,8.6943876906e-06
2018,     ,Sutter (SV),LDA,Gas,RUNEX,CAT,NH3,0.0105806038787
2018,     ,Sutter (SV),LDT1,Dsl,RUNEX,DSL,NH3,5.50700589735e-08
2018,     ,Sutter (SV),LDT1,Gas,RUNEX,CAT,NH3,0.0011646812389
2018,     ,Sutter (SV),LDT2,Dsl,RUNEX,DSL,NH3,1.57967699164e-06
2018,     ,Sutter (SV),LDT2,Gas,RUNEX,CAT,NH3,0.00432246314989
2018,     ,Sutter (SV),LHD1,Dsl,RUNEX,DSL,NH3,0.00261452038299
2018,     ,Sutter (SV),LHD1,Gas,RUNEX,CAT,NH3,0.000614839860775
2018,     ,Sutter (SV),LHD2,Dsl,RUNEX,DSL,NH3,0.000811429319368
2018,     ,Sutter (SV),LHD2,Gas,RUNEX,CAT,NH3,9.53190452986e-05
2018,     ,Sutter (SV),MCY,Gas,RUNEX,CAT,NH3,2.71194813013e-05
2018,     ,Sutter (SV),MDV,Dsl,RUNEX,DSL,NH3,9.52054050078e-06
2018,     ,Sutter (SV),MDV,Gas,RUNEX,CAT,NH3,0.00384205175929
2018,     ,Sutter (SV),MH,Dsl,RUNEX,DSL,NH3,1.71540650957e-05
2018,     ,Sutter (SV),MH,Gas,RUNEX,CAT,NH3,3.05968297332e-05
2018,     ,Sutter (SV),OBUS,Gas,RUNEX,CAT,NH3,1.10746424048e-05
2018,     ,Sutter (SV),SBUS,Gas,RUNEX,CAT,NH3,3.34305405687e-07
2018,     ,Sutter (SV),T6TS,Gas,RUNEX,CAT,NH3,4.5907695595e-05
2018,     ,Sutter (SV),T7IS,Gas,RUNEX,CAT,NH3,3.24611140201e-07
