calendar_year,season_month,sub_area,vehicle_class,fuel,process,pollutant,emission
2018,July,Modoc (NEP),SBUS,Gas,RUNEX,CO,0.00034293394359502104
2018,July,Modoc (NEP),SBUS,Gas,RUNEX,NOx,7.590001523609834e-05
2018,July,Modoc (NEP),SBUS,Gas,RUNEX,SOx,9.144173374029601e-07
2018,July,Modoc (NEP),SBUS,Gas,RUNEX,PM,2.1176220016944889e-07
2018,July,Modoc (NEP),SBUS,Gas,RUNEX,TOG,2.215612266224563e-05
2018,July,Modoc (NEP),SBUS,Gas,RUNEX,PM10,1.8931540695148713e-07
2018,July,Modoc (NEP),SBUS,Gas,RUNEX,PM2_5,1.74068528539287e-07
2018,July,Modoc (NEP),SBUS,Gas,IDLEX,CO,0.00015853243575802932
2018,July,Modoc (NEP),SBUS,Gas,IDLEX,NOx,1.7862508223892407e-06
2018,July,Modoc (NEP),SBUS,Gas,IDLEX,SOx,5.1385101101262606e-08
2018,July,Modoc (NEP),SBUS,Gas,IDLEX,TOG,2.983847246095035e-05
2018,July,Modoc (NEP),SBUS,Gas,STREX,CO,7.734692275195247e-05
2018,July,Modoc (NEP),SBUS,Gas,STREX,NOx,4.1947261961971855e-06
2018,July,Modoc (NEP),SBUS,Gas,STREX,SOx,4.0173484801671825e-09
2018,July,Modoc (NEP),SBUS,Gas,STREX,PM,5.27384076956699e-09
2018,July,Modoc (NEP),SBUS,Gas,STREX,TOG,3.275238417762921e-06
2018,July,Modoc (NEP),SBUS,Gas,STREX,PM10,4.714813647992887e-09
2018,July,Modoc (NEP),SBUS,Gas,STREX,PM2_5,4.335097112584064e-09
2018,July,Modoc (NEP),SBUS,Gas,HOTSOAK,TOG,1.0299948293205597e-06
2018,July,Modoc (NEP),SBUS,Gas,RUNLOSS,TOG,9.45057492953761e-06
2018,July,Modoc (NEP),SBUS,Gas,RESTLOSS,TOG,6.572599627201375e-08
2018,July,Modoc (NEP),SBUS,Gas,DIURN,TOG,2.761024310896402e-07
2018,July,Modoc (NEP),SBUS,Gas,PMTW,PM,8.22330600454925e-07
2018,July,Modoc (NEP),SBUS,Gas,PMTW,PM10,8.22330600454925e-07
2018,July,Modoc (NEP),SBUS,Gas,PMTW,PM2_5,2.0558265011373124e-07
2018,July,Modoc (NEP),SBUS,Gas,PMBW,PM,7.812140601530454e-05
2018,July,Modoc (NEP),SBUS,Gas,PMBW,PM10,7.655897789499847e-05
2018,July,Modoc (NEP),SBUS,Gas,PMBW,PM2_5,3.281099052642792e-05
2018,July,Modoc (NEP),T6 Ag,Dsl,RUNEX,CO,1.8707044456044137e-05
2018,July,Modoc (NEP),T6 Ag,Dsl,RUNEX,NOx,0.0001296475407757936
2018,July,Modoc (NEP),T6 Ag,Dsl,RUNEX,PM,6.297299821445039e-06
2018,July,Modoc (NEP),T6 Ag,Dsl,RUNEX,PM10,6.25951602251637e-06
2018,July,Modoc (NEP),T6 Ag,Dsl,RUNEX,PM2_5,5.988732130194231e-06
2018,July,Modoc (NEP),T6 Ag,Dsl,IDLEX,CO,4.080527856934739e-06
2018,July,Modoc (NEP),T6 Ag,Dsl,IDLEX,NOx,1.1111102279123843e-05
2018,July,Modoc (NEP),T6 Ag,Dsl,IDLEX,PM,2.323962532349238e-07
2018,July,Modoc (NEP),T6 Ag,Dsl,IDLEX,PM10,2.3100187571551434e-07
2018,July,Modoc (NEP),T6 Ag,Dsl,IDLEX,PM2_5,2.2100883682641257e-07
2018,July,Modoc (NEP),T6 Ag,Dsl,PMTW,PM,1.1048877253178825e-07
2018,July,Modoc (NEP),T6 Ag,Dsl,PMTW,PM10,1.1048877253178825e-07
2018,July,Modoc (NEP),T6 Ag,Dsl,PMTW,PM2_5,2.762219313294706e-08
2018,July,Modoc (NEP),T6 Ag,Dsl,PMBW,PM,1.2245838955606535e-06
2018,July,Modoc (NEP),T6 Ag,Dsl,PMBW,PM10,1.2000922176494405e-06
2018,July,Modoc (NEP),T6 Ag,Dsl,PMBW,PM2_5,5.143252361354744e-07
2018,July,Modoc (NEP),T6 Public,Dsl,RUNEX,CO,0.0001560922850500412
2018,July,Modoc (NEP),T6 Public,Dsl,RUNEX,NOx,0.0044391087598123794
2018,July,Modoc (NEP),T6 Public,Dsl,RUNEX,PM,3.5125567194584865e-05
2018,July,Modoc (NEP),T6 Public,Dsl,RUNEX,PM10,3.491481379141737e-05
2018,July,Modoc (NEP),T6 Public,Dsl,RUNEX,PM2_5,3.34044144020502e-05
2018,July,Modoc (NEP),T6 Public,Dsl,IDLEX,CO,0.00017059866292420283
2018,July,Modoc (NEP),T6 Public,Dsl,IDLEX,NOx,0.0016013990927556062
2018,July,Modoc (NEP),T6 Public,Dsl,IDLEX,PM,5.390673397913555e-06
2018,July,Modoc (NEP),T6 Public,Dsl,IDLEX,PM10,5.35832935752607e-06
2018,July,Modoc (NEP),T6 Public,Dsl,IDLEX,PM2_5,5.126530401415789e-06
2018,July,Modoc (NEP),T6 Public,Dsl,STREX,NOx,8.391730176396634e-05
2018,July,Modoc (NEP),T6 Public,Dsl,PMTW,PM,6.256104982380393e-06
2018,July,Modoc (NEP),T6 Public,Dsl,PMTW,PM10,6.256104982380393e-06
2018,July,Modoc (NEP),T6 Public,Dsl,PMTW,PM2_5,1.5640262455950982e-06
2018,July,Modoc (NEP),T6 Public,Dsl,PMBW,PM,6.933849688804943e-05
2018,July,Modoc (NEP),T6 Public,Dsl,PMBW,PM10,6.795172695028842e-05
2018,July,Modoc (NEP),T6 Public,Dsl,PMBW,PM2_5,2.912216869298073e-05
2018,July,Modoc (NEP),T6 CAIRP Small,Dsl,RUNEX,CO,6.205210857528869e-05
2018,July,Modoc (NEP),T6 CAIRP Small,Dsl,RUNEX,NOx,0.0003216224020395908
2018,July,Modoc (NEP),T6 CAIRP Small,Dsl,RUNEX,PM,1.3265649134008117e-05
2018,July,Modoc (NEP),T6 CAIRP Small,Dsl,RUNEX,PM10,1.3186055239204067e-05
2018,July,Modoc (NEP),T6 CAIRP Small,Dsl,RUNEX,PM2_5,1.2615632326441727e-05
2018,July,Modoc (NEP),T6 CAIRP Small,Dsl,IDLEX,CO,3.9434119859055265e-06
2018,July,Modoc (NEP),T6 CAIRP Small,Dsl,IDLEX,NOx,1.466668152553798e-05
2018,July,Modoc (NEP),T6 CAIRP Small,Dsl,IDLEX,PM,5.1881318138746765e-08
2018,July,Modoc (NEP),T6 CAIRP Small,Dsl,IDLEX,PM10,5.157003022991431e-08
2018,July,Modoc (NEP),T6 CAIRP Small,Dsl,IDLEX,PM2_5,4.933913354994821e-08
2018,July,Modoc (NEP),T6 CAIRP Small,Dsl,STREX,NOx,2.3606882606221457e-05
2018,July,Modoc (NEP),T6 CAIRP Small,Dsl,PMTW,PM,1.3439847945403808e-06
2018,July,Modoc (NEP),T6 CAIRP Small,Dsl,PMTW,PM10,1.3439847945403808e-06
2018,July,Modoc (NEP),T6 CAIRP Small,Dsl,PMTW,PM2_5,3.359961986350952e-07
2018,July,Modoc (NEP),T6 CAIRP Small,Dsl,PMBW,PM,1.4895831472822552e-05
2018,July,Modoc (NEP),T6 CAIRP Small,Dsl,PMBW,PM10,1.4597914843366095e-05
2018,July,Modoc (NEP),T6 CAIRP Small,Dsl,PMBW,PM2_5,6.256249218585466e-06
2018,July,Modoc (NEP),T6 CAIRP Heavy,Dsl,RUNEX,CO,0.00025743348019133483
2018,July,Modoc (NEP),T6 CAIRP Heavy,Dsl,RUNEX,NOx,0.0019502056689667537
2018,July,Modoc (NEP),T6 CAIRP Heavy,Dsl,RUNEX,PM,5.225107168359868e-05
2018,July,Modoc (NEP),T6 CAIRP Heavy,Dsl,RUNEX,PM10,5.193756525349711e-05
2018,July,Modoc (NEP),T6 CAIRP Heavy,Dsl,RUNEX,PM2_5,4.9690769171102326e-05
2018,July,Modoc (NEP),T6 CAIRP Heavy,Dsl,IDLEX,CO,9.262572308553254e-06
2018,July,Modoc (NEP),T6 CAIRP Heavy,Dsl,IDLEX,NOx,2.6548539206111456e-05
2018,July,Modoc (NEP),T6 CAIRP Heavy,Dsl,IDLEX,PM,7.044327362709728e-08
2018,July,Modoc (NEP),T6 CAIRP Heavy,Dsl,IDLEX,PM10,7.002061398533473e-08
2018,July,Modoc (NEP),T6 CAIRP Heavy,Dsl,IDLEX,PM2_5,6.699155321936957e-08
2018,July,Modoc (NEP),T6 CAIRP Heavy,Dsl,STREX,NOx,6.88962337948655e-05
2018,July,Modoc (NEP),T6 CAIRP Heavy,Dsl,PMTW,PM,1.2288926873303653e-05
2018,July,Modoc (NEP),T6 CAIRP Heavy,Dsl,PMTW,PM10,1.2288926873303653e-05
2018,July,Modoc (NEP),T6 CAIRP Heavy,Dsl,PMTW,PM2_5,3.0722317183259134e-06
2018,July,Modoc (NEP),T6 CAIRP Heavy,Dsl,PMBW,PM,0.00013620227284578224
2018,July,Modoc (NEP),T6 CAIRP Heavy,Dsl,PMBW,PM10,0.00013347822738886644
2018,July,Modoc (NEP),T6 CAIRP Heavy,Dsl,PMBW,PM2_5,5.720495459522849e-05
2018,July,Modoc (NEP),T6 Instate Construction Small,Dsl,RUNEX,CO,0.000631324593973476
2018,July,Modoc (NEP),T6 Instate Construction Small,Dsl,RUNEX,NOx,0.002452880241645709
2018,July,Modoc (NEP),T6 Instate Construction Small,Dsl,RUNEX,PM,9.397596173006126e-05
2018,July,Modoc (NEP),T6 Instate Construction Small,Dsl,RUNEX,PM10,9.341210595968084e-05
2018,July,Modoc (NEP),T6 Instate Construction Small,Dsl,RUNEX,PM2_5,8.937113960528811e-05
2018,July,Modoc (NEP),T6 Instate Construction Small,Dsl,IDLEX,CO,1.7488837506106884e-05
2018,July,Modoc (NEP),T6 Instate Construction Small,Dsl,IDLEX,NOx,7.587273433494231e-05
2018,July,Modoc (NEP),T6 Instate Construction Small,Dsl,IDLEX,PM,3.431004689712031e-07
2018,July,Modoc (NEP),T6 Instate Construction Small,Dsl,IDLEX,PM10,3.410418661573765e-07
2018,July,Modoc (NEP),T6 Instate Construction Small,Dsl,IDLEX,PM2_5,3.2628854599161433e-07
2018,July,Modoc (NEP),T6 Instate Construction Small,Dsl,STREX,NOx,5.109081899481311e-05
2018,July,Modoc (NEP),T6 Instate Construction Small,Dsl,PMTW,PM,5.583999941078918e-06
2018,July,Modoc (NEP),T6 Instate Construction Small,Dsl,PMTW,PM10,5.583999941078918e-06
2018,July,Modoc (NEP),T6 Instate Construction Small,Dsl,PMTW,PM2_5,1.3959999852697295e-06
2018,July,Modoc (NEP),T6 Instate Construction Small,Dsl,PMBW,PM,6.188933268029137e-05
2018,July,Modoc (NEP),T6 Instate Construction Small,Dsl,PMBW,PM10,6.06515460266855e-05
2018,July,Modoc (NEP),T6 Instate Construction Small,Dsl,PMBW,PM2_5,2.5993519725722342e-05
2018,July,Modoc (NEP),T6 Instate Construction Heavy,Dsl,RUNEX,CO,2.026763718139746e-05
2018,July,Modoc (NEP),T6 Instate Construction Heavy,Dsl,RUNEX,NOx,9.566042158488576e-05
2018,July,Modoc (NEP),T6 Instate Construction Heavy,Dsl,RUNEX,PM,3.4901947610185276e-06
2018,July,Modoc (NEP),T6 Instate Construction Heavy,Dsl,RUNEX,PM10,3.4692535924524255e-06
2018,July,Modoc (NEP),T6 Instate Construction Heavy,Dsl,RUNEX,PM2_5,3.319175217728624e-06
2018,July,Modoc (NEP),T6 Instate Construction Heavy,Dsl,IDLEX,CO,4.499202997938423e-07
2018,July,Modoc (NEP),T6 Instate Construction Heavy,Dsl,IDLEX,NOx,1.7853671779286763e-06
2018,July,Modoc (NEP),T6 Instate Construction Heavy,Dsl,IDLEX,PM,1.4652862091100294e-08
2018,July,Modoc (NEP),T6 Instate Construction Heavy,Dsl,IDLEX,PM10,1.4564944918553678e-08
2018,July,Modoc (NEP),T6 Instate Construction Heavy,Dsl,IDLEX,PM2_5,1.39348718486364e-08
2018,July,Modoc (NEP),T6 Instate Construction Heavy,Dsl,STREX,NOx,1.0233504348449075e-06
2018,July,Modoc (NEP),T6 Instate Construction Heavy,Dsl,PMTW,PM,1.7788163175113287e-07
2018,July,Modoc (NEP),T6 Instate Construction Heavy,Dsl,PMTW,PM10,1.7788163175113287e-07
2018,July,Modoc (NEP),T6 Instate Construction Heavy,Dsl,PMTW,PM2_5,4.447040793778322e-08
2018,July,Modoc (NEP),T6 Instate Construction Heavy,Dsl,PMBW,PM,1.971521418575057e-06
2018,July,Modoc (NEP),T6 Instate Construction Heavy,Dsl,PMBW,PM10,1.932090990203555e-06
2018,July,Modoc (NEP),T6 Instate Construction Heavy,Dsl,PMBW,PM2_5,8.280389958015239e-07
2018,July,Modoc (NEP),T6 Instate Small,Dsl,RUNEX,CO,0.0015123966215110547
2018,July,Modoc (NEP),T6 Instate Small,Dsl,RUNEX,NOx,0.007246074726819334
2018,July,Modoc (NEP),T6 Instate Small,Dsl,RUNEX,PM,0.00024050334981047202
2018,July,Modoc (NEP),T6 Instate Small,Dsl,RUNEX,PM10,0.000239060329711609
2018,July,Modoc (NEP),T6 Instate Small,Dsl,RUNEX,PM2_5,0.00022871868566975864
2018,July,Modoc (NEP),T6 Instate Small,Dsl,IDLEX,CO,6.226589326105448e-05
2018,July,Modoc (NEP),T6 Instate Small,Dsl,IDLEX,NOx,0.00026678241481271106
2018,July,Modoc (NEP),T6 Instate Small,Dsl,IDLEX,PM,1.2720772184568716e-06
2018,July,Modoc (NEP),T6 Instate Small,Dsl,IDLEX,PM10,1.2644447551461303e-06
2018,July,Modoc (NEP),T6 Instate Small,Dsl,IDLEX,PM2_5,1.2097454347524855e-06
2018,July,Modoc (NEP),T6 Instate Small,Dsl,STREX,NOx,0.00035337975813441426
2018,July,Modoc (NEP),T6 Instate Small,Dsl,PMTW,PM,1.776177002934905e-05
2018,July,Modoc (NEP),T6 Instate Small,Dsl,PMTW,PM10,1.776177002934905e-05
2018,July,Modoc (NEP),T6 Instate Small,Dsl,PMTW,PM2_5,4.440442507337262e-06
2018,July,Modoc (NEP),T6 Instate Small,Dsl,PMBW,PM,0.00019685961782528542
2018,July,Modoc (NEP),T6 Instate Small,Dsl,PMBW,PM10,0.00019292242546877942
2018,July,Modoc (NEP),T6 Instate Small,Dsl,PMBW,PM2_5,8.26810394866198e-05
2018,July,Modoc (NEP),T6 Instate Heavy,Dsl,RUNEX,CO,0.0028258111136207726
2018,July,Modoc (NEP),T6 Instate Heavy,Dsl,RUNEX,NOx,0.012710343035535856
2018,July,Modoc (NEP),T6 Instate Heavy,Dsl,RUNEX,PM,0.0005824760601255316
2018,July,Modoc (NEP),T6 Instate Heavy,Dsl,RUNEX,PM10,0.0005789812037647784
2018,July,Modoc (NEP),T6 Instate Heavy,Dsl,RUNEX,PM2_5,0.0005539347331793809
2018,July,Modoc (NEP),T6 Instate Heavy,Dsl,IDLEX,CO,4.4149512933566315e-05
2018,July,Modoc (NEP),T6 Instate Heavy,Dsl,IDLEX,NOx,0.00013197526483258788
2018,July,Modoc (NEP),T6 Instate Heavy,Dsl,IDLEX,PM,2.1532963583462378e-06
2018,July,Modoc (NEP),T6 Instate Heavy,Dsl,IDLEX,PM10,2.140376580196159e-06
2018,July,Modoc (NEP),T6 Instate Heavy,Dsl,IDLEX,PM2_5,2.047784836787276e-06
2018,July,Modoc (NEP),T6 Instate Heavy,Dsl,STREX,NOx,0.00015660449381825513
2018,July,Modoc (NEP),T6 Instate Heavy,Dsl,PMTW,PM,2.1909361700152766e-05
2018,July,Modoc (NEP),T6 Instate Heavy,Dsl,PMTW,PM10,2.1909361700152766e-05
2018,July,Modoc (NEP),T6 Instate Heavy,Dsl,PMTW,PM2_5,5.4773404250381915e-06
2018,July,Modoc (NEP),T6 Instate Heavy,Dsl,PMBW,PM,0.00024282875884335992
2018,July,Modoc (NEP),T6 Instate Heavy,Dsl,PMBW,PM10,0.00023797218366649277
2018,July,Modoc (NEP),T6 Instate Heavy,Dsl,PMBW,PM2_5,0.00010198807871421117
2018,July,Modoc (NEP),T6 OOS Small,Dsl,RUNEX,CO,3.726285445658665e-05
2018,July,Modoc (NEP),T6 OOS Small,Dsl,RUNEX,NOx,0.00019743941318671958
2018,July,Modoc (NEP),T6 OOS Small,Dsl,RUNEX,PM,7.886548743443524e-06
2018,July,Modoc (NEP),T6 OOS Small,Dsl,RUNEX,PM10,7.839229450982868e-06
2018,July,Modoc (NEP),T6 OOS Small,Dsl,RUNEX,PM2_5,7.500107855014802e-06
2018,July,Modoc (NEP),T6 OOS Small,Dsl,IDLEX,CO,2.7952274058943488e-06
2018,July,Modoc (NEP),T6 OOS Small,Dsl,IDLEX,NOx,9.232129495187113e-06
2018,July,Modoc (NEP),T6 OOS Small,Dsl,IDLEX,PM,3.0675297665671123e-08
2018,July,Modoc (NEP),T6 OOS Small,Dsl,IDLEX,PM10,3.0491245879677094e-08
2018,July,Modoc (NEP),T6 OOS Small,Dsl,IDLEX,PM2_5,2.9172208080053228e-08
2018,July,Modoc (NEP),T6 OOS Small,Dsl,STREX,NOx,1.8320646032663597e-05
2018,July,Modoc (NEP),T6 OOS Small,Dsl,PMTW,PM,9.560453010334344e-07
2018,July,Modoc (NEP),T6 OOS Small,Dsl,PMTW,PM10,9.560453010334344e-07
2018,July,Modoc (NEP),T6 OOS Small,Dsl,PMTW,PM2_5,2.390113252583586e-07
2018,July,Modoc (NEP),T6 OOS Small,Dsl,PMBW,PM,1.059616875312056e-05
2018,July,Modoc (NEP),T6 OOS Small,Dsl,PMBW,PM10,1.0384245378058154e-05
2018,July,Modoc (NEP),T6 OOS Small,Dsl,PMBW,PM2_5,4.450390876310633e-06
2018,July,Modoc (NEP),T6 OOS Heavy,Dsl,RUNEX,CO,0.00015301067359080626
2018,July,Modoc (NEP),T6 OOS Heavy,Dsl,RUNEX,NOx,0.0011127471174263758
2018,July,Modoc (NEP),T6 OOS Heavy,Dsl,RUNEX,PM,3.087106315762194e-05
2018,July,Modoc (NEP),T6 OOS Heavy,Dsl,RUNEX,PM10,3.0685836778676225e-05
2018,July,Modoc (NEP),T6 OOS Heavy,Dsl,RUNEX,PM2_5,2.9358381062898456e-05
2018,July,Modoc (NEP),T6 OOS Heavy,Dsl,IDLEX,CO,5.529450469564943e-06
2018,July,Modoc (NEP),T6 OOS Heavy,Dsl,IDLEX,NOx,1.5302619596407974e-05
2018,July,Modoc (NEP),T6 OOS Heavy,Dsl,IDLEX,PM,3.889142532656377e-08
2018,July,Modoc (NEP),T6 OOS Heavy,Dsl,IDLEX,PM10,3.865807677460438e-08
2018,July,Modoc (NEP),T6 OOS Heavy,Dsl,IDLEX,PM2_5,3.698574548556222e-08
2018,July,Modoc (NEP),T6 OOS Heavy,Dsl,STREX,NOx,4.14928265171435e-05
2018,July,Modoc (NEP),T6 OOS Heavy,Dsl,PMTW,PM,7.307529036957227e-06
2018,July,Modoc (NEP),T6 OOS Heavy,Dsl,PMTW,PM10,7.307529036957227e-06
2018,July,Modoc (NEP),T6 OOS Heavy,Dsl,PMTW,PM2_5,1.8268822592393067e-06
2018,July,Modoc (NEP),T6 OOS Heavy,Dsl,PMBW,PM,8.099178015960924e-05
2018,July,Modoc (NEP),T6 OOS Heavy,Dsl,PMBW,PM10,7.937194455641711e-05
2018,July,Modoc (NEP),T6 OOS Heavy,Dsl,PMBW,PM2_5,3.401654766703589e-05
2018,July,Modoc (NEP),T6 Utility,Dsl,RUNEX,CO,2.727739282204554e-06
2018,July,Modoc (NEP),T6 Utility,Dsl,RUNEX,NOx,4.525706999892913e-05
2018,July,Modoc (NEP),T6 Utility,Dsl,RUNEX,PM,2.1248463445168176e-07
2018,July,Modoc (NEP),T6 Utility,Dsl,RUNEX,PM10,2.1120972664497184e-07
2018,July,Modoc (NEP),T6 Utility,Dsl,RUNEX,PM2_5,2.0207288736354932e-07
2018,July,Modoc (NEP),T6 Utility,Dsl,IDLEX,CO,5.372888426917884e-06
2018,July,Modoc (NEP),T6 Utility,Dsl,IDLEX,NOx,1.709861358295172e-05
2018,July,Modoc (NEP),T6 Utility,Dsl,IDLEX,PM,7.333017084657194e-09
2018,July,Modoc (NEP),T6 Utility,Dsl,IDLEX,PM10,7.28901898214925e-09
2018,July,Modoc (NEP),T6 Utility,Dsl,IDLEX,PM2_5,6.9736992475089946e-09
2018,July,Modoc (NEP),T6 Utility,Dsl,STREX,NOx,1.9714716207751236e-05
2018,July,Modoc (NEP),T6 Utility,Dsl,PMTW,PM,2.4978787424307747e-07
2018,July,Modoc (NEP),T6 Utility,Dsl,PMTW,PM10,2.4978787424307747e-07
2018,July,Modoc (NEP),T6 Utility,Dsl,PMTW,PM2_5,6.244696856076937e-08
2018,July,Modoc (NEP),T6 Utility,Dsl,PMBW,PM,2.7684822728607717e-06
2018,July,Modoc (NEP),T6 Utility,Dsl,PMBW,PM10,2.713112627403559e-06
2018,July,Modoc (NEP),T6 Utility,Dsl,PMBW,PM2_5,1.162762554601524e-06
2018,July,Modoc (NEP),T7 Ag,Dsl,RUNEX,CO,3.4899613342319397e-05
2018,July,Modoc (NEP),T7 Ag,Dsl,RUNEX,NOx,9.111582280572772e-05
2018,July,Modoc (NEP),T7 Ag,Dsl,RUNEX,PM,7.228357899496456e-06
2018,July,Modoc (NEP),T7 Ag,Dsl,RUNEX,PM10,7.184987752099477e-06
2018,July,Modoc (NEP),T7 Ag,Dsl,RUNEX,PM2_5,6.874168362421129e-06
2018,July,Modoc (NEP),T7 Ag,Dsl,IDLEX,CO,8.32301782066731e-06
2018,July,Modoc (NEP),T7 Ag,Dsl,IDLEX,NOx,3.4775291618421405e-05
2018,July,Modoc (NEP),T7 Ag,Dsl,IDLEX,PM,2.2922009074491163e-07
2018,July,Modoc (NEP),T7 Ag,Dsl,IDLEX,PM10,2.2784477020044217e-07
2018,July,Modoc (NEP),T7 Ag,Dsl,IDLEX,PM2_5,2.179883062984109e-07
2018,July,Modoc (NEP),T7 Ag,Dsl,PMTW,PM,3.1855181851727194e-07
2018,July,Modoc (NEP),T7 Ag,Dsl,PMTW,PM10,3.1855181851727194e-07
2018,July,Modoc (NEP),T7 Ag,Dsl,PMTW,PM2_5,7.963795462931798e-08
2018,July,Modoc (NEP),T7 Ag,Dsl,PMBW,PM,5.574656824052262e-07
2018,July,Modoc (NEP),T7 Ag,Dsl,PMBW,PM10,5.463163687571217e-07
2018,July,Modoc (NEP),T7 Ag,Dsl,PMBW,PM2_5,2.3413558661019497e-07
2018,July,Modoc (NEP),T7 Public,Dsl,RUNEX,CO,0.0007862869592779245
2018,July,Modoc (NEP),T7 Public,Dsl,RUNEX,NOx,0.020001031281819518
2018,July,Modoc (NEP),T7 Public,Dsl,RUNEX,PM,0.000133904931892392
2018,July,Modoc (NEP),T7 Public,Dsl,RUNEX,PM10,0.00013310150230103773
2018,July,Modoc (NEP),T7 Public,Dsl,RUNEX,PM2_5,0.00012734359022966465
2018,July,Modoc (NEP),T7 Public,Dsl,IDLEX,CO,0.00021383076475434926
2018,July,Modoc (NEP),T7 Public,Dsl,IDLEX,NOx,0.0025088319950883602
2018,July,Modoc (NEP),T7 Public,Dsl,IDLEX,PM,9.436144307252988e-06
2018,July,Modoc (NEP),T7 Public,Dsl,IDLEX,PM10,9.379527441409466e-06
2018,July,Modoc (NEP),T7 Public,Dsl,IDLEX,PM2_5,8.97377323619758e-06
2018,July,Modoc (NEP),T7 Public,Dsl,STREX,NOx,5.4533365986994354e-05
2018,July,Modoc (NEP),T7 Public,Dsl,PMTW,PM,3.8659485202901705e-05
2018,July,Modoc (NEP),T7 Public,Dsl,PMTW,PM10,3.8659485202901705e-05
2018,July,Modoc (NEP),T7 Public,Dsl,PMTW,PM2_5,9.664871300725426e-06
2018,July,Modoc (NEP),T7 Public,Dsl,PMBW,PM,6.765409910507784e-05
2018,July,Modoc (NEP),T7 Public,Dsl,PMBW,PM10,6.630101712297638e-05
2018,July,Modoc (NEP),T7 Public,Dsl,PMBW,PM2_5,2.8414721624132746e-05
2018,July,Modoc (NEP),PTO,Dsl,RUNEX,CO,0.0009586405514264968
2018,July,Modoc (NEP),PTO,Dsl,RUNEX,NOx,0.0026048577993798587
2018,July,Modoc (NEP),PTO,Dsl,RUNEX,PM,0.00011013747495437058
2018,July,Modoc (NEP),PTO,Dsl,RUNEX,PM10,0.00010947665010464456
2018,July,Modoc (NEP),PTO,Dsl,RUNEX,PM2_5,0.00010474073868160651
2018,July,Modoc (NEP),PTO,Dsl,PMTW,PM,0.0
2018,July,Modoc (NEP),PTO,Dsl,PMTW,PM10,0.0
2018,July,Modoc (NEP),PTO,Dsl,PMTW,PM2_5,0.0
2018,July,Modoc (NEP),PTO,Dsl,PMBW,PM,0.0
2018,July,Modoc (NEP),PTO,Dsl,PMBW,PM10,0.0
2018,July,Modoc (NEP),PTO,Dsl,PMBW,PM2_5,0.0
2018,July,Modoc (NEP),T7 CAIRP,Dsl,RUNEX,CO,0.0007916543768210913
2018,July,Modoc (NEP),T7 CAIRP,Dsl,RUNEX,NOx,0.006708072031528667
2018,July,Modoc (NEP),T7 CAIRP,Dsl,RUNEX,PM,0.00011910799404515199
2018,July,Modoc (NEP),T7 CAIRP,Dsl,RUNEX,PM10,0.00011839334608088104
2018,July,Modoc (NEP),T7 CAIRP,Dsl,RUNEX,PM2_5,0.00011327170233693947
2018,July,Modoc (NEP),T7 CAIRP,Dsl,IDLEX,CO,0.0010365180915114182
2018,July,Modoc (NEP),T7 CAIRP,Dsl,IDLEX,NOx,0.0011836868291520508
2018,July,Modoc (NEP),T7 CAIRP,Dsl,IDLEX,PM,3.5988734935828076e-06
2018,July,Modoc (NEP),T7 CAIRP,Dsl,IDLEX,PM10,3.577280252621313e-06
2018,July,Modoc (NEP),T7 CAIRP,Dsl,IDLEX,PM2_5,3.4225286923972514e-06
2018,July,Modoc (NEP),T7 CAIRP,Dsl,STREX,NOx,0.00020408963064185982
2018,July,Modoc (NEP),T7 CAIRP,Dsl,PMTW,PM,6.235022428187695e-05
2018,July,Modoc (NEP),T7 CAIRP,Dsl,PMTW,PM10,6.235022428187695e-05
2018,July,Modoc (NEP),T7 CAIRP,Dsl,PMTW,PM2_5,1.5587556070469237e-05
2018,July,Modoc (NEP),T7 CAIRP,Dsl,PMBW,PM,0.00010911289249328476
2018,July,Modoc (NEP),T7 CAIRP,Dsl,PMBW,PM10,0.00010693063464341899
2018,July,Modoc (NEP),T7 CAIRP,Dsl,PMBW,PM2_5,4.582741484717958e-05
2018,July,Modoc (NEP),T7 CAIRP Construction,Dsl,RUNEX,CO,1.0400771850800324e-05
2018,July,Modoc (NEP),T7 CAIRP Construction,Dsl,RUNEX,NOx,5.873128127414969e-05
2018,July,Modoc (NEP),T7 CAIRP Construction,Dsl,RUNEX,PM,7.475589363004137e-07
2018,July,Modoc (NEP),T7 CAIRP Construction,Dsl,RUNEX,PM10,7.430735826826124e-07
2018,July,Modoc (NEP),T7 CAIRP Construction,Dsl,RUNEX,PM2_5,7.109285484216928e-07
2018,July,Modoc (NEP),T7 CAIRP Construction,Dsl,IDLEX,CO,9.897076509262117e-07
2018,July,Modoc (NEP),T7 CAIRP Construction,Dsl,IDLEX,NOx,1.245545790353232e-06
2018,July,Modoc (NEP),T7 CAIRP Construction,Dsl,IDLEX,PM,1.6549280189585931e-09
2018,July,Modoc (NEP),T7 CAIRP Construction,Dsl,IDLEX,PM10,1.644998450844841e-09
2018,July,Modoc (NEP),T7 CAIRP Construction,Dsl,IDLEX,PM2_5,1.5738365460296215e-09
2018,July,Modoc (NEP),T7 CAIRP Construction,Dsl,STREX,NOx,7.949826544217431e-07
2018,July,Modoc (NEP),T7 CAIRP Construction,Dsl,PMTW,PM,3.833217639060627e-07
2018,July,Modoc (NEP),T7 CAIRP Construction,Dsl,PMTW,PM10,3.833217639060627e-07
2018,July,Modoc (NEP),T7 CAIRP Construction,Dsl,PMTW,PM2_5,9.583044097651567e-08
2018,July,Modoc (NEP),T7 CAIRP Construction,Dsl,PMBW,PM,6.708130868356096e-07
2018,July,Modoc (NEP),T7 CAIRP Construction,Dsl,PMBW,PM10,6.57396825098898e-07
2018,July,Modoc (NEP),T7 CAIRP Construction,Dsl,PMBW,PM2_5,2.8174149647095594e-07
2018,July,Modoc (NEP),T7 Utility,Dsl,RUNEX,CO,2.8512874622280637e-07
2018,July,Modoc (NEP),T7 Utility,Dsl,RUNEX,NOx,4.574935580278314e-06
2018,July,Modoc (NEP),T7 Utility,Dsl,RUNEX,PM,1.8274602902260156e-08
2018,July,Modoc (NEP),T7 Utility,Dsl,RUNEX,PM10,1.8164955284846585e-08
2018,July,Modoc (NEP),T7 Utility,Dsl,RUNEX,PM2_5,1.73791473600494e-08
2018,July,Modoc (NEP),T7 Utility,Dsl,IDLEX,CO,2.7666070198048965e-07
2018,July,Modoc (NEP),T7 Utility,Dsl,IDLEX,NOx,6.594272760496192e-07
2018,July,Modoc (NEP),T7 Utility,Dsl,IDLEX,PM,4.215927960364428e-10
2018,July,Modoc (NEP),T7 Utility,Dsl,IDLEX,PM10,4.190632392602242e-10
2018,July,Modoc (NEP),T7 Utility,Dsl,IDLEX,PM2_5,4.0093474903065733e-10
2018,July,Modoc (NEP),T7 Utility,Dsl,STREX,NOx,1.008102097380995e-06
2018,July,Modoc (NEP),T7 Utility,Dsl,PMTW,PM,3.26395998742082e-08
2018,July,Modoc (NEP),T7 Utility,Dsl,PMTW,PM10,3.26395998742082e-08
2018,July,Modoc (NEP),T7 Utility,Dsl,PMTW,PM2_5,8.15989996855205e-09
2018,July,Modoc (NEP),T7 Utility,Dsl,PMBW,PM,5.7119299779864316e-08
2018,July,Modoc (NEP),T7 Utility,Dsl,PMBW,PM10,5.597691378426703e-08
2018,July,Modoc (NEP),T7 Utility,Dsl,PMBW,PM2_5,2.3990105907543e-08
2018,July,Modoc (NEP),T7 NNOOS,Dsl,RUNEX,CO,0.0010453953994082443
2018,July,Modoc (NEP),T7 NNOOS,Dsl,RUNEX,NOx,0.006900837932484803
2018,July,Modoc (NEP),T7 NNOOS,Dsl,RUNEX,PM,0.0001666916504007643
2018,July,Modoc (NEP),T7 NNOOS,Dsl,RUNEX,PM10,0.00016569150049835983
2018,July,Modoc (NEP),T7 NNOOS,Dsl,RUNEX,PM2_5,0.00015852375953112678
2018,July,Modoc (NEP),T7 NNOOS,Dsl,IDLEX,CO,0.0015781605364677857
2018,July,Modoc (NEP),T7 NNOOS,Dsl,IDLEX,NOx,0.0015035756151110446
2018,July,Modoc (NEP),T7 NNOOS,Dsl,IDLEX,PM,7.495107873845773e-06
2018,July,Modoc (NEP),T7 NNOOS,Dsl,IDLEX,PM10,7.4501372266026955e-06
2018,July,Modoc (NEP),T7 NNOOS,Dsl,IDLEX,PM2_5,7.127847588027329e-06
2018,July,Modoc (NEP),T7 NNOOS,Dsl,STREX,NOx,0.00025641063746931723
2018,July,Modoc (NEP),T7 NNOOS,Dsl,PMTW,PM,7.651703490701548e-05
2018,July,Modoc (NEP),T7 NNOOS,Dsl,PMTW,PM10,7.651703490701548e-05
2018,July,Modoc (NEP),T7 NNOOS,Dsl,PMTW,PM2_5,1.912925872675387e-05
2018,July,Modoc (NEP),T7 NNOOS,Dsl,PMBW,PM,0.0001339048110872771
2018,July,Modoc (NEP),T7 NNOOS,Dsl,PMBW,PM10,0.0001312267148655316
2018,July,Modoc (NEP),T7 NNOOS,Dsl,PMBW,PM2_5,5.624002065665636e-05
2018,July,Modoc (NEP),T7 NOOS,Dsl,RUNEX,CO,0.00030898165103391943
2018,July,Modoc (NEP),T7 NOOS,Dsl,RUNEX,NOx,0.0026144067373960918
2018,July,Modoc (NEP),T7 NOOS,Dsl,RUNEX,PM,4.6539884065682236e-05
2018,July,Modoc (NEP),T7 NOOS,Dsl,RUNEX,PM10,4.6260644761288164e-05
2018,July,Modoc (NEP),T7 NOOS,Dsl,RUNEX,PM2_5,4.425942974646377e-05
2018,July,Modoc (NEP),T7 NOOS,Dsl,IDLEX,CO,0.0005046243550683896
2018,July,Modoc (NEP),T7 NOOS,Dsl,IDLEX,NOx,0.0005744163770421777
2018,July,Modoc (NEP),T7 NOOS,Dsl,IDLEX,PM,1.7778699201889734e-06
2018,July,Modoc (NEP),T7 NOOS,Dsl,IDLEX,PM10,1.7672027006678385e-06
2018,July,Modoc (NEP),T7 NOOS,Dsl,IDLEX,PM2_5,1.6907542940997148e-06
2018,July,Modoc (NEP),T7 NOOS,Dsl,STREX,NOx,8.005764035446299e-05
2018,July,Modoc (NEP),T7 NOOS,Dsl,PMTW,PM,2.4387026898342012e-05
2018,July,Modoc (NEP),T7 NOOS,Dsl,PMTW,PM10,2.4387026898342012e-05
2018,July,Modoc (NEP),T7 NOOS,Dsl,PMTW,PM2_5,6.096756724585503e-06
2018,July,Modoc (NEP),T7 NOOS,Dsl,PMBW,PM,4.267729707209851e-05
2018,July,Modoc (NEP),T7 NOOS,Dsl,PMBW,PM10,4.182375113065652e-05
2018,July,Modoc (NEP),T7 NOOS,Dsl,PMBW,PM2_5,1.7924464770281397e-05
2018,July,Modoc (NEP),T7 Single,Dsl,RUNEX,CO,0.0027474969474812197
2018,July,Modoc (NEP),T7 Single,Dsl,RUNEX,NOx,0.011700613782226506
2018,July,Modoc (NEP),T7 Single,Dsl,RUNEX,PM,0.00040132246434585573
2018,July,Modoc (NEP),T7 Single,Dsl,RUNEX,PM10,0.00039891452955978
2018,July,Modoc (NEP),T7 Single,Dsl,RUNEX,PM2_5,0.00038165766359290896
2018,July,Modoc (NEP),T7 Single,Dsl,IDLEX,CO,0.00022386532504852267
2018,July,Modoc (NEP),T7 Single,Dsl,IDLEX,NOx,0.0004960106380681437
2018,July,Modoc (NEP),T7 Single,Dsl,IDLEX,PM,5.821301827434365e-06
2018,July,Modoc (NEP),T7 Single,Dsl,IDLEX,PM10,5.786374016469764e-06
2018,July,Modoc (NEP),T7 Single,Dsl,IDLEX,PM2_5,5.536058037890087e-06
2018,July,Modoc (NEP),T7 Single,Dsl,STREX,NOx,0.00016193597908208387
2018,July,Modoc (NEP),T7 Single,Dsl,PMTW,PM,3.36394474753497e-05
2018,July,Modoc (NEP),T7 Single,Dsl,PMTW,PM10,3.36394474753497e-05
2018,July,Modoc (NEP),T7 Single,Dsl,PMTW,PM2_5,8.409861868837426e-06
2018,July,Modoc (NEP),T7 Single,Dsl,PMBW,PM,5.886903308186199e-05
2018,July,Modoc (NEP),T7 Single,Dsl,PMBW,PM10,5.7691652420224765e-05
2018,July,Modoc (NEP),T7 Single,Dsl,PMBW,PM2_5,2.4724993894382027e-05
2018,July,Modoc (NEP),T7 Single Construction,Dsl,RUNEX,CO,5.3929185971348935e-05
2018,July,Modoc (NEP),T7 Single Construction,Dsl,RUNEX,NOx,0.0002479688975982189
2018,July,Modoc (NEP),T7 Single Construction,Dsl,RUNEX,PM,7.150662346933718e-06
2018,July,Modoc (NEP),T7 Single Construction,Dsl,RUNEX,PM10,7.1077583728521034e-06
2018,July,Modoc (NEP),T7 Single Construction,Dsl,RUNEX,PM2_5,6.800279891933959e-06
2018,July,Modoc (NEP),T7 Single Construction,Dsl,IDLEX,CO,5.35250851392518e-06
2018,July,Modoc (NEP),T7 Single Construction,Dsl,IDLEX,NOx,1.0329355845649858e-05
2018,July,Modoc (NEP),T7 Single Construction,Dsl,IDLEX,PM,5.9265936790180065e-08
2018,July,Modoc (NEP),T7 Single Construction,Dsl,IDLEX,PM10,5.891034116943904e-08
2018,July,Modoc (NEP),T7 Single Construction,Dsl,IDLEX,PM2_5,5.6361905887461325e-08
2018,July,Modoc (NEP),T7 Single Construction,Dsl,STREX,NOx,3.3101854450610623e-06
2018,July,Modoc (NEP),T7 Single Construction,Dsl,PMTW,PM,9.509507917671434e-07
2018,July,Modoc (NEP),T7 Single Construction,Dsl,PMTW,PM10,9.509507917671434e-07
2018,July,Modoc (NEP),T7 Single Construction,Dsl,PMTW,PM2_5,2.3773769794178586e-07
2018,July,Modoc (NEP),T7 Single Construction,Dsl,PMBW,PM,1.6641638855925013e-06
2018,July,Modoc (NEP),T7 Single Construction,Dsl,PMBW,PM10,1.6308806078806517e-06
2018,July,Modoc (NEP),T7 Single Construction,Dsl,PMBW,PM2_5,6.989488319488501e-07
2018,July,Modoc (NEP),T7 Tractor,Dsl,RUNEX,CO,0.0003689618262461559
2018,July,Modoc (NEP),T7 Tractor,Dsl,RUNEX,NOx,0.0021662640113769968
2018,July,Modoc (NEP),T7 Tractor,Dsl,RUNEX,PM,5.8222185790746245e-05
2018,July,Modoc (NEP),T7 Tractor,Dsl,RUNEX,PM10,5.787285267600167e-05
2018,July,Modoc (NEP),T7 Tractor,Dsl,RUNEX,PM2_5,5.536929868699972e-05
2018,July,Modoc (NEP),T7 Tractor,Dsl,IDLEX,CO,3.059133050649596e-05
2018,July,Modoc (NEP),T7 Tractor,Dsl,IDLEX,NOx,6.57168680653315e-05
2018,July,Modoc (NEP),T7 Tractor,Dsl,IDLEX,PM,2.684122528247641e-07
2018,July,Modoc (NEP),T7 Tractor,Dsl,IDLEX,PM10,2.6680177930781524e-07
2018,July,Modoc (NEP),T7 Tractor,Dsl,IDLEX,PM2_5,2.5526005243635024e-07
2018,July,Modoc (NEP),T7 Tractor,Dsl,STREX,NOx,1.878584701561422e-05
2018,July,Modoc (NEP),T7 Tractor,Dsl,PMTW,PM,9.54507627932241e-06
2018,July,Modoc (NEP),T7 Tractor,Dsl,PMTW,PM10,9.54507627932241e-06
2018,July,Modoc (NEP),T7 Tractor,Dsl,PMTW,PM2_5,2.3862690698306025e-06
2018,July,Modoc (NEP),T7 Tractor,Dsl,PMBW,PM,1.6703883488814194e-05
2018,July,Modoc (NEP),T7 Tractor,Dsl,PMBW,PM10,1.636980581903792e-05
2018,July,Modoc (NEP),T7 Tractor,Dsl,PMBW,PM2_5,7.015631065301963e-06
2018,July,Modoc (NEP),T7 Tractor Construction,Dsl,RUNEX,CO,4.540314212629647e-05
2018,July,Modoc (NEP),T7 Tractor Construction,Dsl,RUNEX,NOx,0.000193287636117903
2018,July,Modoc (NEP),T7 Tractor Construction,Dsl,RUNEX,PM,4.786509817106757e-06
2018,July,Modoc (NEP),T7 Tractor Construction,Dsl,RUNEX,PM10,4.7577907582041165e-06
2018,July,Modoc (NEP),T7 Tractor Construction,Dsl,RUNEX,PM2_5,4.5519708360685236e-06
2018,July,Modoc (NEP),T7 Tractor Construction,Dsl,IDLEX,CO,4.625910098892513e-06
2018,July,Modoc (NEP),T7 Tractor Construction,Dsl,IDLEX,NOx,8.250328623241751e-06
2018,July,Modoc (NEP),T7 Tractor Construction,Dsl,IDLEX,PM,2.7852922644920695e-08
2018,July,Modoc (NEP),T7 Tractor Construction,Dsl,IDLEX,PM10,2.768580510905119e-08
2018,July,Modoc (NEP),T7 Tractor Construction,Dsl,IDLEX,PM2_5,2.6488129435319597e-08
2018,July,Modoc (NEP),T7 Tractor Construction,Dsl,STREX,NOx,3.180651764048631e-06
2018,July,Modoc (NEP),T7 Tractor Construction,Dsl,PMTW,PM,7.844506807221515e-07
2018,July,Modoc (NEP),T7 Tractor Construction,Dsl,PMTW,PM10,7.844506807221515e-07
2018,July,Modoc (NEP),T7 Tractor Construction,Dsl,PMTW,PM2_5,1.9611267018053787e-07
2018,July,Modoc (NEP),T7 Tractor Construction,Dsl,PMBW,PM,1.3727886912637643e-06
2018,July,Modoc (NEP),T7 Tractor Construction,Dsl,PMBW,PM10,1.3453329174384881e-06
2018,July,Modoc (NEP),T7 Tractor Construction,Dsl,PMBW,PM2_5,5.765712503307807e-07
2018,July,Modoc (NEP),T7 SWCV,Dsl,RUNEX,CO,8.151039176474851e-06
2018,July,Modoc (NEP),T7 SWCV,Dsl,RUNEX,NOx,0.0015512443688776394
2018,July,Modoc (NEP),T7 SWCV,Dsl,RUNEX,PM,1.2416047759271391e-06
2018,July,Modoc (NEP),T7 SWCV,Dsl,RUNEX,PM10,1.2341551472715761e-06
2018,July,Modoc (NEP),T7 SWCV,Dsl,RUNEX,PM2_5,1.1807661419067088e-06
2018,July,Modoc (NEP),T7 SWCV,Dsl,IDLEX,CO,9.881642602875658e-06
2018,July,Modoc (NEP),T7 SWCV,Dsl,IDLEX,NOx,0.00018721049688875734
2018,July,Modoc (NEP),T7 SWCV,Dsl,IDLEX,PM,1.693534115770946e-07
2018,July,Modoc (NEP),T7 SWCV,Dsl,IDLEX,PM10,1.6833729110763203e-07
2018,July,Modoc (NEP),T7 SWCV,Dsl,IDLEX,PM2_5,1.610550944098169e-07
2018,July,Modoc (NEP),T7 SWCV,Dsl,PMTW,PM,4.469737448790288e-06
2018,July,Modoc (NEP),T7 SWCV,Dsl,PMTW,PM10,4.469737448790288e-06
2018,July,Modoc (NEP),T7 SWCV,Dsl,PMTW,PM2_5,1.117434362197572e-06
2018,July,Modoc (NEP),T7 SWCV,Dsl,PMBW,PM,7.822040535383002e-06
2018,July,Modoc (NEP),T7 SWCV,Dsl,PMBW,PM10,7.66559972467534e-06
2018,July,Modoc (NEP),T7 SWCV,Dsl,PMBW,PM2_5,3.2852570248608604e-06
2018,July,Modoc (NEP),SBUS,Dsl,RUNEX,CO,0.00018606885181765752
2018,July,Modoc (NEP),SBUS,Dsl,RUNEX,NOx,0.005284930475468095
2018,July,Modoc (NEP),SBUS,Dsl,RUNEX,PM,2.6679608970589538e-05
2018,July,Modoc (NEP),SBUS,Dsl,RUNEX,PM10,2.651953131676601e-05
2018,July,Modoc (NEP),SBUS,Dsl,RUNEX,PM2_5,2.5372308131030667e-05
2018,July,Modoc (NEP),SBUS,Dsl,IDLEX,CO,5.8939504794873795e-05
2018,July,Modoc (NEP),SBUS,Dsl,IDLEX,NOx,0.001051237815485828
2018,July,Modoc (NEP),SBUS,Dsl,IDLEX,PM,8.751061981412814e-07
2018,July,Modoc (NEP),SBUS,Dsl,IDLEX,PM10,8.698555609524345e-07
2018,July,Modoc (NEP),SBUS,Dsl,IDLEX,PM2_5,8.32225994432359e-07
2018,July,Modoc (NEP),SBUS,Dsl,STREX,NOx,5.8589779801934774e-05
2018,July,Modoc (NEP),SBUS,Dsl,PMTW,PM,7.147578601069611e-06
2018,July,Modoc (NEP),SBUS,Dsl,PMTW,PM10,7.147578601069611e-06
2018,July,Modoc (NEP),SBUS,Dsl,PMTW,PM2_5,1.7868946502674027e-06
2018,July,Modoc (NEP),SBUS,Dsl,PMBW,PM,0.00045267997806774213
2018,July,Modoc (NEP),SBUS,Dsl,PMBW,PM10,0.0004436263785063871
2018,July,Modoc (NEP),SBUS,Dsl,PMBW,PM2_5,0.00019012559078845158
2018,July,Modoc (NEP),Motor Coach,Dsl,RUNEX,CO,0.00031182418733429563
2018,July,Modoc (NEP),Motor Coach,Dsl,RUNEX,NOx,0.0017438807710785072
2018,July,Modoc (NEP),Motor Coach,Dsl,RUNEX,PM,4.639823108189867e-05
2018,July,Modoc (NEP),Motor Coach,Dsl,RUNEX,PM10,4.611984169540726e-05
2018,July,Modoc (NEP),Motor Coach,Dsl,RUNEX,PM2_5,4.412471775888566e-05
2018,July,Modoc (NEP),Motor Coach,Dsl,IDLEX,CO,0.0001147056332924502
2018,July,Modoc (NEP),Motor Coach,Dsl,IDLEX,NOx,0.00025073331894609246
2018,July,Modoc (NEP),Motor Coach,Dsl,IDLEX,PM,1.23468488207233e-06
2018,July,Modoc (NEP),Motor Coach,Dsl,IDLEX,PM10,1.2272767727798983e-06
2018,July,Modoc (NEP),Motor Coach,Dsl,IDLEX,PM2_5,1.1741853228507858e-06
2018,July,Modoc (NEP),Motor Coach,Dsl,STREX,NOx,4.158374813096133e-05
2018,July,Modoc (NEP),Motor Coach,Dsl,PMTW,PM,3.556940682800524e-06
2018,July,Modoc (NEP),Motor Coach,Dsl,PMTW,PM10,3.556940682800524e-06
2018,July,Modoc (NEP),Motor Coach,Dsl,PMTW,PM2_5,8.89235170700131e-07
2018,July,Modoc (NEP),Motor Coach,Dsl,PMBW,PM,3.942275923437247e-05
2018,July,Modoc (NEP),Motor Coach,Dsl,PMBW,PM10,3.8634304049685084e-05
2018,July,Modoc (NEP),Motor Coach,Dsl,PMBW,PM2_5,1.655755887843645e-05
2018,July,Modoc (NEP),All Other Buses,Dsl,RUNEX,CO,0.0002558388885098463
2018,July,Modoc (NEP),All Other Buses,Dsl,RUNEX,NOx,0.0008593309796850732
2018,July,Modoc (NEP),All Other Buses,Dsl,RUNEX,PM,4.731281042624414e-05
2018,July,Modoc (NEP),All Other Buses,Dsl,RUNEX,PM10,4.702893356368667e-05
2018,July,Modoc (NEP),All Other Buses,Dsl,RUNEX,PM2_5,4.4994482715358174e-05
2018,July,Modoc (NEP),All Other Buses,Dsl,IDLEX,CO,6.153449413485754e-06
2018,July,Modoc (NEP),All Other Buses,Dsl,IDLEX,NOx,1.744274010959993e-05
2018,July,Modoc (NEP),All Other Buses,Dsl,IDLEX,PM,3.821339419578791e-07
2018,July,Modoc (NEP),All Other Buses,Dsl,IDLEX,PM10,3.798411383061317e-07
2018,July,Modoc (NEP),All Other Buses,Dsl,IDLEX,PM2_5,3.6340937880194334e-07
2018,July,Modoc (NEP),All Other Buses,Dsl,STREX,NOx,8.81470005230141e-06
2018,July,Modoc (NEP),All Other Buses,Dsl,PMTW,PM,1.0019231529430117e-06
2018,July,Modoc (NEP),All Other Buses,Dsl,PMTW,PM10,1.0019231529430117e-06
2018,July,Modoc (NEP),All Other Buses,Dsl,PMTW,PM2_5,2.5048078823575294e-07
2018,July,Modoc (NEP),All Other Buses,Dsl,PMBW,PM,1.1104648278451714e-05
2018,July,Modoc (NEP),All Other Buses,Dsl,PMBW,PM10,1.0882555312882676e-05
2018,July,Modoc (NEP),All Other Buses,Dsl,PMBW,PM2_5,4.6639522769497194e-06
2018,July,Modoc (NEP),T6 Ag,Dsl,RUNEX,SOx,9.633512406755404e-08
2018,July,Modoc (NEP),T6 Ag,Dsl,IDLEX,SOx,7.096197171198605e-09
2018,July,Modoc (NEP),T6 Public,Dsl,RUNEX,SOx,6.154807944015361e-06
2018,July,Modoc (NEP),T6 Public,Dsl,IDLEX,SOx,1.1382070738445176e-06
2018,July,Modoc (NEP),T6 CAIRP Small,Dsl,RUNEX,SOx,1.1042759866072655e-06
2018,July,Modoc (NEP),T6 CAIRP Small,Dsl,IDLEX,SOx,1.4167773158102007e-08
2018,July,Modoc (NEP),T6 CAIRP Heavy,Dsl,RUNEX,SOx,9.423450623650596e-06
2018,July,Modoc (NEP),T6 CAIRP Heavy,Dsl,IDLEX,SOx,3.1884992090916455e-08
2018,July,Modoc (NEP),T6 Instate Construction Small,Dsl,RUNEX,SOx,5.666536768229541e-06
2018,July,Modoc (NEP),T6 Instate Construction Small,Dsl,IDLEX,SOx,6.234288171162444e-08
2018,July,Modoc (NEP),T6 Instate Construction Heavy,Dsl,RUNEX,SOx,1.8114985399257708e-07
2018,July,Modoc (NEP),T6 Instate Construction Heavy,Dsl,IDLEX,SOx,1.4685416710691615e-09
2018,July,Modoc (NEP),T6 Instate Small,Dsl,RUNEX,SOx,1.6285777878847775e-05
2018,July,Modoc (NEP),T6 Instate Small,Dsl,IDLEX,SOx,2.2682129104134456e-07
2018,July,Modoc (NEP),T6 Instate Heavy,Dsl,RUNEX,SOx,1.973880434499922e-05
2018,July,Modoc (NEP),T6 Instate Heavy,Dsl,IDLEX,SOx,1.0764117433614233e-07
2018,July,Modoc (NEP),T6 OOS Small,Dsl,RUNEX,SOx,7.710547517781021e-07
2018,July,Modoc (NEP),T6 OOS Small,Dsl,IDLEX,SOx,9.601512641003405e-09
2018,July,Modoc (NEP),T6 OOS Heavy,Dsl,RUNEX,SOx,5.591847945869169e-06
2018,July,Modoc (NEP),T6 OOS Heavy,Dsl,IDLEX,SOx,1.8757060607533107e-08
2018,July,Modoc (NEP),T6 Utility,Dsl,RUNEX,SOx,2.1811035709019904e-07
2018,July,Modoc (NEP),T6 Utility,Dsl,IDLEX,SOx,2.1766611046938004e-08
2018,July,Modoc (NEP),T7 Ag,Dsl,RUNEX,SOx,1.3813953183043318e-07
2018,July,Modoc (NEP),T7 Ag,Dsl,IDLEX,SOx,1.9477825413906284e-08
2018,July,Modoc (NEP),T7 Public,Dsl,RUNEX,SOx,2.05546872221638e-05
2018,July,Modoc (NEP),T7 Public,Dsl,IDLEX,SOx,1.8133523777608916e-06
2018,July,Modoc (NEP),PTO,Dsl,RUNEX,SOx,3.8665433580682794e-06
2018,July,Modoc (NEP),T7 CAIRP,Dsl,RUNEX,SOx,2.397596926706885e-05
2018,July,Modoc (NEP),T7 CAIRP,Dsl,IDLEX,SOx,2.178570184294216e-06
2018,July,Modoc (NEP),T7 CAIRP Construction,Dsl,RUNEX,SOx,1.8678528013536775e-07
2018,July,Modoc (NEP),T7 CAIRP Construction,Dsl,IDLEX,SOx,2.052242596658237e-09
2018,July,Modoc (NEP),T7 Utility,Dsl,RUNEX,SOx,1.499696253970443e-08
2018,July,Modoc (NEP),T7 Utility,Dsl,IDLEX,SOx,7.778213703176909e-10
2018,July,Modoc (NEP),T7 NNOOS,Dsl,RUNEX,SOx,2.8319007768038008e-05
2018,July,Modoc (NEP),T7 NNOOS,Dsl,IDLEX,SOx,2.8811924681457717e-06
2018,July,Modoc (NEP),T7 NOOS,Dsl,RUNEX,SOx,9.384225641866659e-06
2018,July,Modoc (NEP),T7 NOOS,Dsl,IDLEX,SOx,1.0615765515411514e-06
2018,July,Modoc (NEP),T7 Single,Dsl,RUNEX,SOx,1.5362671417640964e-05
2018,July,Modoc (NEP),T7 Single,Dsl,IDLEX,SOx,4.812553530724266e-07
2018,July,Modoc (NEP),T7 Single Construction,Dsl,RUNEX,SOx,4.814007291822054e-07
2018,July,Modoc (NEP),T7 Single Construction,Dsl,IDLEX,SOx,1.1633347051274447e-08
2018,July,Modoc (NEP),T7 Tractor,Dsl,RUNEX,SOx,3.7939226583935167e-06
2018,July,Modoc (NEP),T7 Tractor,Dsl,IDLEX,SOx,7.899545580235951e-08
2018,July,Modoc (NEP),T7 Tractor Construction,Dsl,RUNEX,SOx,3.992131921809996e-07
2018,July,Modoc (NEP),T7 Tractor Construction,Dsl,IDLEX,SOx,1.0843613396385242e-08
2018,July,Modoc (NEP),T7 SWCV,Dsl,RUNEX,SOx,5.2110639661902825e-06
2018,July,Modoc (NEP),T7 SWCV,Dsl,IDLEX,SOx,1.4208331052193922e-07
2018,July,Modoc (NEP),SBUS,Dsl,RUNEX,SOx,6.7967289675541605e-06
2018,July,Modoc (NEP),SBUS,Dsl,IDLEX,SOx,7.44767167062034e-07
2018,July,Modoc (NEP),Motor Coach,Dsl,RUNEX,SOx,4.47974551745663e-06
2018,July,Modoc (NEP),Motor Coach,Dsl,IDLEX,SOx,2.564568113165731e-07
2018,July,Modoc (NEP),All Other Buses,Dsl,RUNEX,SOx,1.0051205771056275e-06
2018,July,Modoc (NEP),All Other Buses,Dsl,IDLEX,SOx,1.2333684818569191e-08
2018,July,Modoc (NEP),T6 Ag,Dsl,RUNEX,TOG,9.84202627692019e-06
2018,July,Modoc (NEP),T6 Ag,Dsl,IDLEX,TOG,8.547299021909791e-07
2018,July,Modoc (NEP),T6 Public,Dsl,RUNEX,TOG,7.862381076540088e-05
2018,July,Modoc (NEP),T6 Public,Dsl,IDLEX,TOG,2.3741644864491245e-05
2018,July,Modoc (NEP),T6 CAIRP Small,Dsl,RUNEX,TOG,2.010757493682213e-05
2018,July,Modoc (NEP),T6 CAIRP Small,Dsl,IDLEX,TOG,2.659897720432175e-07
2018,July,Modoc (NEP),T6 CAIRP Heavy,Dsl,RUNEX,TOG,8.030871596855496e-05
2018,July,Modoc (NEP),T6 CAIRP Heavy,Dsl,IDLEX,TOG,4.83333723513791e-07
2018,July,Modoc (NEP),T6 Instate Construction Small,Dsl,RUNEX,TOG,0.0003466828214890158
2018,July,Modoc (NEP),T6 Instate Construction Small,Dsl,IDLEX,TOG,1.4805324947919567e-06
2018,July,Modoc (NEP),T6 Instate Construction Heavy,Dsl,RUNEX,TOG,1.2335714516937756e-05
2018,July,Modoc (NEP),T6 Instate Construction Heavy,Dsl,IDLEX,TOG,6.153140855252102e-08
2018,July,Modoc (NEP),T6 Instate Small,Dsl,RUNEX,TOG,0.000643293146389916
2018,July,Modoc (NEP),T6 Instate Small,Dsl,IDLEX,TOG,5.53432101833275e-06
2018,July,Modoc (NEP),T6 Instate Heavy,Dsl,RUNEX,TOG,0.0013514779275843672
2018,July,Modoc (NEP),T6 Instate Heavy,Dsl,IDLEX,TOG,8.806433916239118e-06
2018,July,Modoc (NEP),T6 OOS Small,Dsl,RUNEX,TOG,1.1908635856789251e-05
2018,July,Modoc (NEP),T6 OOS Small,Dsl,IDLEX,TOG,1.7022635463728985e-07
2018,July,Modoc (NEP),T6 OOS Heavy,Dsl,RUNEX,TOG,4.642393607038434e-05
2018,July,Modoc (NEP),T6 OOS Heavy,Dsl,IDLEX,TOG,2.765354711968792e-07
2018,July,Modoc (NEP),T6 Utility,Dsl,RUNEX,TOG,7.947287202995002e-07
2018,July,Modoc (NEP),T6 Utility,Dsl,IDLEX,TOG,2.0677343385542792e-07
2018,July,Modoc (NEP),T7 Ag,Dsl,RUNEX,TOG,8.688123887013548e-06
2018,July,Modoc (NEP),T7 Ag,Dsl,IDLEX,TOG,2.201598768894288e-06
2018,July,Modoc (NEP),T7 Public,Dsl,RUNEX,TOG,0.00029185004191826705
2018,July,Modoc (NEP),T7 Public,Dsl,IDLEX,TOG,7.521807170467441e-05
2018,July,Modoc (NEP),PTO,Dsl,RUNEX,TOG,0.0002788684358041397
2018,July,Modoc (NEP),T7 CAIRP,Dsl,RUNEX,TOG,0.00023338175398315072
2018,July,Modoc (NEP),T7 CAIRP,Dsl,IDLEX,TOG,0.00011327615381954822
2018,July,Modoc (NEP),T7 CAIRP Construction,Dsl,RUNEX,TOG,3.5062152888310837e-06
2018,July,Modoc (NEP),T7 CAIRP Construction,Dsl,IDLEX,TOG,1.0172595025969358e-07
2018,July,Modoc (NEP),T7 Utility,Dsl,RUNEX,TOG,8.533860229626792e-08
2018,July,Modoc (NEP),T7 Utility,Dsl,IDLEX,TOG,3.011419114012058e-08
2018,July,Modoc (NEP),T7 NNOOS,Dsl,RUNEX,TOG,0.0002894071083578076
2018,July,Modoc (NEP),T7 NNOOS,Dsl,IDLEX,TOG,0.0001705607250213761
2018,July,Modoc (NEP),T7 NOOS,Dsl,RUNEX,TOG,9.106379392157329e-05
2018,July,Modoc (NEP),T7 NOOS,Dsl,IDLEX,TOG,5.528622453562472e-05
2018,July,Modoc (NEP),T7 Single,Dsl,RUNEX,TOG,0.0009513527368853993
2018,July,Modoc (NEP),T7 Single,Dsl,IDLEX,TOG,5.52751113921367e-05
2018,July,Modoc (NEP),T7 Single Construction,Dsl,RUNEX,TOG,2.7272092192801495e-05
2018,July,Modoc (NEP),T7 Single Construction,Dsl,IDLEX,TOG,8.647318661308142e-07
2018,July,Modoc (NEP),T7 Tractor,Dsl,RUNEX,TOG,0.0001203496764271539
2018,July,Modoc (NEP),T7 Tractor,Dsl,IDLEX,TOG,4.7797360660349786e-06
2018,July,Modoc (NEP),T7 Tractor Construction,Dsl,RUNEX,TOG,2.2354708372312143e-05
2018,July,Modoc (NEP),T7 Tractor Construction,Dsl,IDLEX,TOG,6.300566532490401e-07
2018,July,Modoc (NEP),T7 SWCV,Dsl,RUNEX,TOG,3.018716598156795e-06
2018,July,Modoc (NEP),T7 SWCV,Dsl,IDLEX,TOG,3.2103709472039286e-06
2018,July,Modoc (NEP),SBUS,Dsl,RUNEX,TOG,8.555139754892002e-05
2018,July,Modoc (NEP),SBUS,Dsl,IDLEX,TOG,5.757359012757397e-06
2018,July,Modoc (NEP),Motor Coach,Dsl,RUNEX,TOG,0.00011161116288317446
2018,July,Modoc (NEP),Motor Coach,Dsl,IDLEX,TOG,1.827711160208582e-05
2018,July,Modoc (NEP),All Other Buses,Dsl,RUNEX,TOG,0.00012254703671217717
2018,July,Modoc (NEP),All Other Buses,Dsl,IDLEX,TOG,1.542283266999284e-06
