calendar_year,season_month,sub_area,vehicle_class,fuel,process,cat_ncat,pollutant,emission
2017,July,San Benito (NCC),LDA,Dsl,PMBW,DSL,PM,3.2313039865685304e-05
2017,July,San Benito (NCC),LDA,Dsl,PMBW,DSL,PM10,3.2313039865685304e-05
2017,July,San Benito (NCC),LDA,Dsl,PMBW,DSL,PM2_5,1.1309563952989857e-05
2017,July,San Benito (NCC),LDA,Dsl,PMTW,DSL,PM,2.8997366457122545e-05
2017,July,San Benito (NCC),LDA,Dsl,PMTW,DSL,PM10,2.8997366457122545e-05
2017,July,San Benito (NCC),LDA,Dsl,PMTW,DSL,PM2_5,7.249341614280636e-06
2017,July,San Benito (NCC),LDA,Dsl,RUNEX,DSL,CO,0.0015783012299588086
2017,July,San Benito (NCC),LDA,Dsl,RUNEX,DSL,NH3,1.123647628175031e-05
2017,July,San Benito (NCC),LDA,Dsl,RUNEX,DSL,NOx,0.001614246168180294
2017,July,San Benito (NCC),LDA,Dsl,RUNEX,DSL,PM,9.917244693627718e-05
2017,July,San Benito (NCC),LDA,Dsl,RUNEX,DSL,PM10,9.857741225465948e-05
2017,July,San Benito (NCC),LDA,Dsl,RUNEX,DSL,PM2_5,9.431299703639958e-05
2017,July,San Benito (NCC),LDA,Dsl,RUNEX,DSL,SOx,8.325490840377672e-06
2017,July,San Benito (NCC),LDA,Dsl,RUNEX,DSL,TOG,0.00018120776123375812
2017,July,San Benito (NCC),LDA,Elec,PMBW,ELEC,PM,7.715293027626049e-06
2017,July,San Benito (NCC),LDA,Elec,PMBW,ELEC,PM10,7.715293027626049e-06
2017,July,San Benito (NCC),LDA,Elec,PMBW,ELEC,PM2_5,2.700352559669117e-06
2017,July,San Benito (NCC),LDA,Elec,PMTW,ELEC,PM,1.415630797511635e-05
2017,July,San Benito (NCC),LDA,Elec,PMTW,ELEC,PM10,1.415630797511635e-05
2017,July,San Benito (NCC),LDA,Elec,PMTW,ELEC,PM2_5,3.5390769937790874e-06
2017,July,San Benito (NCC),LDA,Gas,DIURN,CAT,TOG,0.026709187131008477
2017,July,San Benito (NCC),LDA,Gas,DIURN,NCAT,TOG,0.0006901044195135579
2017,July,San Benito (NCC),LDA,Gas,HOTSOAK,CAT,TOG,0.008040300306726953
2017,July,San Benito (NCC),LDA,Gas,HOTSOAK,NCAT,TOG,0.0004984788538896878
2017,July,San Benito (NCC),LDA,Gas,PMBW,CAT,PM,0.004632266685134111
2017,July,San Benito (NCC),LDA,Gas,PMBW,CAT,PM10,0.004632266685134111
2017,July,San Benito (NCC),LDA,Gas,PMBW,CAT,PM2_5,0.0016212933397969388
2017,July,San Benito (NCC),LDA,Gas,PMBW,NCAT,PM,3.0594283738300057e-06
2017,July,San Benito (NCC),LDA,Gas,PMBW,NCAT,PM10,3.0594283738300057e-06
2017,July,San Benito (NCC),LDA,Gas,PMBW,NCAT,PM2_5,1.0707999308405016e-06
2017,July,San Benito (NCC),LDA,Gas,PMTW,CAT,PM,0.004145219227049855
2017,July,San Benito (NCC),LDA,Gas,PMTW,CAT,PM10,0.004145219227049855
2017,July,San Benito (NCC),LDA,Gas,PMTW,CAT,PM2_5,0.0010363048067624637
2017,July,San Benito (NCC),LDA,Gas,PMTW,NCAT,PM,2.5696348898378246e-06
2017,July,San Benito (NCC),LDA,Gas,PMTW,NCAT,PM10,2.5696348898378246e-06
2017,July,San Benito (NCC),LDA,Gas,PMTW,NCAT,PM2_5,6.424087224594562e-07
2017,July,San Benito (NCC),LDA,Gas,RUNEX,CAT,CO,0.7013362446233677
2017,July,San Benito (NCC),LDA,Gas,RUNEX,CAT,NH3,0.014878831558856649
2017,July,San Benito (NCC),LDA,Gas,RUNEX,CAT,NOx,0.055442207834212935
2017,July,San Benito (NCC),LDA,Gas,RUNEX,CAT,PM,0.0009137293086697815
2017,July,San Benito (NCC),LDA,Gas,RUNEX,CAT,PM10,0.0008169869914622593
2017,July,San Benito (NCC),LDA,Gas,RUNEX,CAT,PM2_5,0.000751245700735368
2017,July,San Benito (NCC),LDA,Gas,RUNEX,CAT,SOx,0.0015435205350196723
2017,July,San Benito (NCC),LDA,Gas,RUNEX,CAT,TOG,0.02030595205002896
2017,July,San Benito (NCC),LDA,Gas,RUNEX,NCAT,CO,0.020116329050126665
2017,July,San Benito (NCC),LDA,Gas,RUNEX,NCAT,NH3,1.9239675027523437e-06
2017,July,San Benito (NCC),LDA,Gas,RUNEX,NCAT,NOx,0.0014121808618834785
2017,July,San Benito (NCC),LDA,Gas,RUNEX,NCAT,PM,1.8831433142483245e-05
2017,July,San Benito (NCC),LDA,Gas,RUNEX,NCAT,PM10,1.7984017738451664e-05
2017,July,San Benito (NCC),LDA,Gas,RUNEX,NCAT,PM2_5,1.7108215182849667e-05
2017,July,San Benito (NCC),LDA,Gas,RUNEX,NCAT,SOx,1.8805280311162813e-06
2017,July,San Benito (NCC),LDA,Gas,RUNEX,NCAT,TOG,0.001858213291763199
2017,July,San Benito (NCC),LDA,Gas,RUNLOSS,CAT,TOG,0.01965578052372138
2017,July,San Benito (NCC),LDA,Gas,RUNLOSS,NCAT,TOG,0.00040929895142342143
2017,July,San Benito (NCC),LDA,Gas,STREX,CAT,CO,0.3393541047788414
2017,July,San Benito (NCC),LDA,Gas,STREX,CAT,NOx,0.024353411410978548
2017,July,San Benito (NCC),LDA,Gas,STREX,CAT,PM,0.0001719539042901805
2017,July,San Benito (NCC),LDA,Gas,STREX,CAT,PM10,0.00015377582707980976
2017,July,San Benito (NCC),LDA,Gas,STREX,CAT,PM2_5,0.0001414156388969298
2017,July,San Benito (NCC),LDA,Gas,STREX,CAT,SOx,4.797195511431649e-05
2017,July,San Benito (NCC),LDA,Gas,STREX,CAT,TOG,0.03969141085119658
2017,July,San Benito (NCC),LDA,Gas,STREX,NCAT,CO,0.003458403353090127
2017,July,San Benito (NCC),LDA,Gas,STREX,NCAT,NOx,0.00016278561832649353
2017,July,San Benito (NCC),LDA,Gas,STREX,NCAT,PM,7.571917062853866e-06
2017,July,San Benito (NCC),LDA,Gas,STREX,NCAT,PM10,7.227575653014192e-06
2017,July,San Benito (NCC),LDA,Gas,STREX,NCAT,PM2_5,6.87391837623557e-06
2017,July,San Benito (NCC),LDA,Gas,STREX,NCAT,SOx,2.912005039450351e-07
2017,July,San Benito (NCC),LDA,Gas,STREX,NCAT,TOG,0.0006359647544932909
2017,July,San Benito (NCC),LDA,Phe,DIURN,CAT,TOG,6.712873567559183e-05
2017,July,San Benito (NCC),LDA,Phe,HOTSOAK,CAT,TOG,1.7678713713848048e-05
2017,July,San Benito (NCC),LDA,Phe,PMBW,CAT,PM,2.344311910598783e-05
2017,July,San Benito (NCC),LDA,Phe,PMBW,CAT,PM10,2.344311910598783e-05
2017,July,San Benito (NCC),LDA,Phe,PMBW,CAT,PM2_5,8.20509168709574e-06
2017,July,San Benito (NCC),LDA,Phe,PMTW,CAT,PM,4.511588775326939e-05
2017,July,San Benito (NCC),LDA,Phe,PMTW,CAT,PM10,4.511588775326939e-05
2017,July,San Benito (NCC),LDA,Phe,PMTW,CAT,PM2_5,1.1278971938317348e-05
2017,July,San Benito (NCC),LDA,Phe,RUNEX,CAT,CO,0.0013377513028131336
2017,July,San Benito (NCC),LDA,Phe,RUNEX,CAT,NH3,8.860118449465106e-05
2017,July,San Benito (NCC),LDA,Phe,RUNEX,CAT,NOx,2.0106505160190276e-05
2017,July,San Benito (NCC),LDA,Phe,RUNEX,CAT,PM,5.210730350037324e-06
2017,July,San Benito (NCC),LDA,Phe,RUNEX,CAT,PM10,4.658392932933368e-06
2017,July,San Benito (NCC),LDA,Phe,RUNEX,CAT,PM2_5,4.2832203477306796e-06
2017,July,San Benito (NCC),LDA,Phe,RUNEX,CAT,SOx,8.706890544793816e-06
2017,July,San Benito (NCC),LDA,Phe,RUNEX,CAT,TOG,1.3869030868979721e-05
2017,July,San Benito (NCC),LDA,Phe,RUNLOSS,CAT,TOG,1.63626214044362e-05
2017,July,San Benito (NCC),LDA,Phe,STREX,CAT,CO,0.0006123687603675724
2017,July,San Benito (NCC),LDA,Phe,STREX,CAT,NOx,5.195834014049267e-05
2017,July,San Benito (NCC),LDA,Phe,STREX,CAT,PM,1.1646056666599058e-06
2017,July,San Benito (NCC),LDA,Phe,STREX,CAT,PM10,1.041157465993956e-06
2017,July,San Benito (NCC),LDA,Phe,STREX,CAT,PM2_5,9.573058579944426e-07
2017,July,San Benito (NCC),LDA,Phe,STREX,CAT,SOx,3.0389049860426336e-07
2017,July,San Benito (NCC),LDA,Phe,STREX,CAT,TOG,8.601167377036898e-05
2017,July,San Benito (NCC),LDT1,Dsl,PMBW,DSL,PM,6.780306447417142e-08
2017,July,San Benito (NCC),LDT1,Dsl,PMBW,DSL,PM10,6.780306447417142e-08
2017,July,San Benito (NCC),LDT1,Dsl,PMBW,DSL,PM2_5,2.3731072565959995e-08
2017,July,San Benito (NCC),LDT1,Dsl,PMTW,DSL,PM,4.3815528257491433e-08
2017,July,San Benito (NCC),LDT1,Dsl,PMTW,DSL,PM10,4.3815528257491433e-08
2017,July,San Benito (NCC),LDT1,Dsl,PMTW,DSL,PM2_5,1.0953882064372858e-08
2017,July,San Benito (NCC),LDT1,Dsl,RUNEX,DSL,CO,7.407384692527968e-06
2017,July,San Benito (NCC),LDT1,Dsl,RUNEX,DSL,NH3,1.6978512333720317e-08
2017,July,San Benito (NCC),LDT1,Dsl,RUNEX,DSL,NOx,9.286826805012947e-06
2017,July,San Benito (NCC),LDT1,Dsl,RUNEX,DSL,PM,1.495963134990203e-06
2017,July,San Benito (NCC),LDT1,Dsl,RUNEX,DSL,PM10,1.4869873561802617e-06
2017,July,San Benito (NCC),LDT1,Dsl,RUNEX,DSL,PM2_5,1.4226609413756829e-06
2017,July,San Benito (NCC),LDT1,Dsl,RUNEX,DSL,SOx,2.2011453409339035e-08
2017,July,San Benito (NCC),LDT1,Dsl,RUNEX,DSL,TOG,2.021283236873347e-06
2017,July,San Benito (NCC),LDT1,Elec,PMBW,ELEC,PM,9.322974009382043e-08
2017,July,San Benito (NCC),LDT1,Elec,PMBW,ELEC,PM10,9.322974009382043e-08
2017,July,San Benito (NCC),LDT1,Elec,PMBW,ELEC,PM2_5,3.263040903283714e-08
2017,July,San Benito (NCC),LDT1,Elec,PMTW,ELEC,PM,1.7060812200051527e-07
2017,July,San Benito (NCC),LDT1,Elec,PMTW,ELEC,PM10,1.7060812200051527e-07
2017,July,San Benito (NCC),LDT1,Elec,PMTW,ELEC,PM2_5,4.265203050012882e-08
2017,July,San Benito (NCC),LDT1,Gas,DIURN,CAT,TOG,0.005021957655738887
2017,July,San Benito (NCC),LDT1,Gas,DIURN,NCAT,TOG,0.0003557921371831488
2017,July,San Benito (NCC),LDT1,Gas,HOTSOAK,CAT,TOG,0.001466051958866179
2017,July,San Benito (NCC),LDT1,Gas,HOTSOAK,NCAT,TOG,0.0002567516028287593
2017,July,San Benito (NCC),LDT1,Gas,PMBW,CAT,PM,0.0004672431639016595
2017,July,San Benito (NCC),LDT1,Gas,PMBW,CAT,PM10,0.0004672431639016595
2017,July,San Benito (NCC),LDT1,Gas,PMBW,CAT,PM2_5,0.00016353510736558083
2017,July,San Benito (NCC),LDT1,Gas,PMBW,NCAT,PM,1.3230520463843719e-06
2017,July,San Benito (NCC),LDT1,Gas,PMBW,NCAT,PM10,1.3230520463843719e-06
2017,July,San Benito (NCC),LDT1,Gas,PMBW,NCAT,PM2_5,4.630682162345302e-07
2017,July,San Benito (NCC),LDT1,Gas,PMTW,CAT,PM,0.0003509983770664512
2017,July,San Benito (NCC),LDT1,Gas,PMTW,CAT,PM10,0.0003509983770664512
2017,July,San Benito (NCC),LDT1,Gas,PMTW,CAT,PM2_5,8.77495942666128e-05
2017,July,San Benito (NCC),LDT1,Gas,PMTW,NCAT,PM,8.549794138960961e-07
2017,July,San Benito (NCC),LDT1,Gas,PMTW,NCAT,PM10,8.549794138960961e-07
2017,July,San Benito (NCC),LDT1,Gas,PMTW,NCAT,PM2_5,2.1374485347402402e-07
2017,July,San Benito (NCC),LDT1,Gas,RUNEX,CAT,CO,0.10075180876275903
2017,July,San Benito (NCC),LDT1,Gas,RUNEX,CAT,NH3,0.0014543338288602427
2017,July,San Benito (NCC),LDT1,Gas,RUNEX,CAT,NOx,0.009368554278585921
2017,July,San Benito (NCC),LDT1,Gas,RUNEX,CAT,PM,0.00012525372674255093
2017,July,San Benito (NCC),LDT1,Gas,RUNEX,CAT,PM10,0.00011204400378522074
2017,July,San Benito (NCC),LDT1,Gas,RUNEX,CAT,PM2_5,0.00010305380737269204
2017,July,San Benito (NCC),LDT1,Gas,RUNEX,CAT,SOx,0.00015299317731077888
2017,July,San Benito (NCC),LDT1,Gas,RUNEX,CAT,TOG,0.003433636581250719
2017,July,San Benito (NCC),LDT1,Gas,RUNEX,NCAT,CO,0.006630894160533309
2017,July,San Benito (NCC),LDT1,Gas,RUNEX,NCAT,NH3,9.32603295088056e-07
2017,July,San Benito (NCC),LDT1,Gas,RUNEX,NCAT,NOx,0.0004947527601390824
2017,July,San Benito (NCC),LDT1,Gas,RUNEX,NCAT,PM,6.2657672155588965e-06
2017,July,San Benito (NCC),LDT1,Gas,RUNEX,NCAT,PM10,5.95423021677191e-06
2017,July,San Benito (NCC),LDT1,Gas,RUNEX,NCAT,PM2_5,5.650464546352312e-06
2017,July,San Benito (NCC),LDT1,Gas,RUNEX,NCAT,SOx,6.236570411768504e-07
2017,July,San Benito (NCC),LDT1,Gas,RUNEX,NCAT,TOG,0.0006082415552265801
2017,July,San Benito (NCC),LDT1,Gas,RUNLOSS,CAT,TOG,0.004038800069135828
2017,July,San Benito (NCC),LDT1,Gas,RUNLOSS,NCAT,TOG,0.0002117189788016065
2017,July,San Benito (NCC),LDT1,Gas,STREX,CAT,CO,0.05472953743655478
2017,July,San Benito (NCC),LDT1,Gas,STREX,CAT,NOx,0.003341558167620257
2017,July,San Benito (NCC),LDT1,Gas,STREX,CAT,PM,2.857812833720007e-05
2017,July,San Benito (NCC),LDT1,Gas,STREX,CAT,PM10,2.5589998893001153e-05
2017,July,San Benito (NCC),LDT1,Gas,STREX,CAT,PM2_5,2.3549571570144233e-05
2017,July,San Benito (NCC),LDT1,Gas,STREX,CAT,SOx,5.774018247086746e-06
2017,July,San Benito (NCC),LDT1,Gas,STREX,CAT,TOG,0.005923791381583539
2017,July,San Benito (NCC),LDT1,Gas,STREX,NCAT,CO,0.002225674979716564
2017,July,San Benito (NCC),LDT1,Gas,STREX,NCAT,NOx,8.970770259898801e-05
2017,July,San Benito (NCC),LDT1,Gas,STREX,NCAT,PM,4.092375784248185e-06
2017,July,San Benito (NCC),LDT1,Gas,STREX,NCAT,PM10,3.891620969118211e-06
2017,July,San Benito (NCC),LDT1,Gas,STREX,NCAT,PM2_5,3.6943585171897963e-06
2017,July,San Benito (NCC),LDT1,Gas,STREX,NCAT,SOx,1.5987388107817816e-07
2017,July,San Benito (NCC),LDT1,Gas,STREX,NCAT,TOG,0.00036814338727438425
2017,July,San Benito (NCC),LDT1,Phe,DIURN,CAT,TOG,5.574453991934827e-09
2017,July,San Benito (NCC),LDT1,Phe,HOTSOAK,CAT,TOG,1.448709451100669e-09
2017,July,San Benito (NCC),LDT1,Phe,PMBW,CAT,PM,2.2255715073144813e-09
2017,July,San Benito (NCC),LDT1,Phe,PMBW,CAT,PM10,2.2255715073144813e-09
2017,July,San Benito (NCC),LDT1,Phe,PMBW,CAT,PM2_5,7.789500275600685e-10
2017,July,San Benito (NCC),LDT1,Phe,PMTW,CAT,PM,4.296806529901912e-09
2017,July,San Benito (NCC),LDT1,Phe,PMTW,CAT,PM10,4.296806529901912e-09
2017,July,San Benito (NCC),LDT1,Phe,PMTW,CAT,PM2_5,1.074201632475478e-09
2017,July,San Benito (NCC),LDT1,Phe,RUNEX,CAT,CO,1.2740652616096908e-07
2017,July,San Benito (NCC),LDT1,Phe,RUNEX,CAT,NH3,1.2223663722104055e-08
2017,July,San Benito (NCC),LDT1,Phe,RUNEX,CAT,NOx,1.9149299053646882e-09
2017,July,San Benito (NCC),LDT1,Phe,RUNEX,CAT,PM,6.666951812743766e-10
2017,July,San Benito (NCC),LDT1,Phe,RUNEX,CAT,PM10,5.960254920592926e-10
2017,July,San Benito (NCC),LDT1,Phe,RUNEX,CAT,PM2_5,5.480234390075377e-10
2017,July,San Benito (NCC),LDT1,Phe,RUNEX,CAT,SOx,8.292383462032213e-10
2017,July,San Benito (NCC),LDT1,Phe,RUNEX,CAT,TOG,1.3208770871836561e-09
2017,July,San Benito (NCC),LDT1,Phe,RUNLOSS,CAT,TOG,1.4662289505721396e-09
2017,July,San Benito (NCC),LDT1,Phe,STREX,CAT,CO,5.993752847584639e-08
2017,July,San Benito (NCC),LDT1,Phe,STREX,CAT,NOx,5.085586811873241e-09
2017,July,San Benito (NCC),LDT1,Phe,STREX,CAT,PM,1.5925415367302874e-10
2017,July,San Benito (NCC),LDT1,Phe,STREX,CAT,PM10,1.4237321338368768e-10
2017,July,San Benito (NCC),LDT1,Phe,STREX,CAT,PM2_5,1.3090691431922958e-10
2017,July,San Benito (NCC),LDT1,Phe,STREX,CAT,SOx,3.372403456345614e-11
2017,July,San Benito (NCC),LDT1,Phe,STREX,CAT,TOG,8.418664503349638e-09
2017,July,San Benito (NCC),LDT2,Dsl,PMBW,DSL,PM,6.709796662241714e-06
2017,July,San Benito (NCC),LDT2,Dsl,PMBW,DSL,PM10,6.709796662241714e-06
2017,July,San Benito (NCC),LDT2,Dsl,PMBW,DSL,PM2_5,2.3484288317845998e-06
2017,July,San Benito (NCC),LDT2,Dsl,PMTW,DSL,PM,5.607516427959486e-06
2017,July,San Benito (NCC),LDT2,Dsl,PMTW,DSL,PM10,5.607516427959486e-06
2017,July,San Benito (NCC),LDT2,Dsl,PMTW,DSL,PM2_5,1.4018791069898716e-06
2017,July,San Benito (NCC),LDT2,Dsl,RUNEX,DSL,CO,0.0001168623656789097
2017,July,San Benito (NCC),LDT2,Dsl,RUNEX,DSL,NH3,2.172911993075679e-06
2017,July,San Benito (NCC),LDT2,Dsl,RUNEX,DSL,NOx,7.905028154219467e-05
2017,July,San Benito (NCC),LDT2,Dsl,RUNEX,DSL,PM,8.890643758458118e-06
2017,July,San Benito (NCC),LDT2,Dsl,RUNEX,DSL,PM10,8.83729989590737e-06
2017,July,San Benito (NCC),LDT2,Dsl,RUNEX,DSL,PM2_5,8.45500221429367e-06
2017,July,San Benito (NCC),LDT2,Dsl,RUNEX,DSL,SOx,2.1893834137249865e-06
2017,July,San Benito (NCC),LDT2,Dsl,RUNEX,DSL,TOG,2.0546467833216058e-05
2017,July,San Benito (NCC),LDT2,Gas,DIURN,CAT,TOG,0.015492069442565797
2017,July,San Benito (NCC),LDT2,Gas,DIURN,NCAT,TOG,0.0003864600451873395
2017,July,San Benito (NCC),LDT2,Gas,HOTSOAK,CAT,TOG,0.004495597852010234
2017,July,San Benito (NCC),LDT2,Gas,HOTSOAK,NCAT,TOG,0.0002797361028616491
2017,July,San Benito (NCC),LDT2,Gas,PMBW,CAT,PM,0.0019671637909686275
2017,July,San Benito (NCC),LDT2,Gas,PMBW,CAT,PM10,0.0019671637909686275
2017,July,San Benito (NCC),LDT2,Gas,PMBW,CAT,PM2_5,0.0006885073268390195
2017,July,San Benito (NCC),LDT2,Gas,PMBW,NCAT,PM,1.4229864865606493e-06
2017,July,San Benito (NCC),LDT2,Gas,PMBW,NCAT,PM10,1.4229864865606493e-06
2017,July,San Benito (NCC),LDT2,Gas,PMBW,NCAT,PM2_5,4.980452702962273e-07
2017,July,San Benito (NCC),LDT2,Gas,PMTW,CAT,PM,0.0014833609884053484
2017,July,San Benito (NCC),LDT2,Gas,PMTW,CAT,PM10,0.0014833609884053484
2017,July,San Benito (NCC),LDT2,Gas,PMTW,CAT,PM2_5,0.0003708402471013371
2017,July,San Benito (NCC),LDT2,Gas,PMTW,NCAT,PM,9.195588001140786e-07
2017,July,San Benito (NCC),LDT2,Gas,PMTW,NCAT,PM10,9.195588001140786e-07
2017,July,San Benito (NCC),LDT2,Gas,PMTW,NCAT,PM2_5,2.2988970002851965e-07
2017,July,San Benito (NCC),LDT2,Gas,RUNEX,CAT,CO,0.4084710905930083
2017,July,San Benito (NCC),LDT2,Gas,RUNEX,CAT,NH3,0.005991408086901609
2017,July,San Benito (NCC),LDT2,Gas,RUNEX,CAT,NOx,0.05357886723355051
2017,July,San Benito (NCC),LDT2,Gas,RUNEX,CAT,PM,0.0004169437653232282
2017,July,San Benito (NCC),LDT2,Gas,RUNEX,CAT,PM10,0.0003728162649183098
2017,July,San Benito (NCC),LDT2,Gas,RUNEX,CAT,PM2_5,0.0003428249568619272
2017,July,San Benito (NCC),LDT2,Gas,RUNEX,CAT,SOx,0.0007307485676572442
2017,July,San Benito (NCC),LDT2,Gas,RUNEX,CAT,TOG,0.013380023418973293
2017,July,San Benito (NCC),LDT2,Gas,RUNEX,NCAT,CO,0.007243211570651008
2017,July,San Benito (NCC),LDT2,Gas,RUNEX,NCAT,NH3,8.801936798840561e-07
2017,July,San Benito (NCC),LDT2,Gas,RUNEX,NCAT,NOx,0.0005414287926635375
2017,July,San Benito (NCC),LDT2,Gas,RUNEX,NCAT,PM,6.739725148610152e-06
2017,July,San Benito (NCC),LDT2,Gas,RUNEX,NCAT,PM10,6.408337148470553e-06
2017,July,San Benito (NCC),LDT2,Gas,RUNEX,NCAT,PM2_5,6.083146195041761e-06
2017,July,San Benito (NCC),LDT2,Gas,RUNEX,NCAT,SOx,6.744060948932155e-07
2017,July,San Benito (NCC),LDT2,Gas,RUNEX,NCAT,TOG,0.000647947740556387
2017,July,San Benito (NCC),LDT2,Gas,RUNLOSS,CAT,TOG,0.012003043495053357
2017,July,San Benito (NCC),LDT2,Gas,RUNLOSS,NCAT,TOG,0.00022992896145077879
2017,July,San Benito (NCC),LDT2,Gas,STREX,CAT,CO,0.2144652611480312
2017,July,San Benito (NCC),LDT2,Gas,STREX,CAT,NOx,0.020384629285334348
2017,July,San Benito (NCC),LDT2,Gas,STREX,CAT,PM,8.843427229024263e-05
2017,July,San Benito (NCC),LDT2,Gas,STREX,CAT,PM10,7.91028617978697e-05
2017,July,San Benito (NCC),LDT2,Gas,STREX,CAT,PM2_5,7.275340652686771e-05
2017,July,San Benito (NCC),LDT2,Gas,STREX,CAT,SOx,2.6359202691635997e-05
2017,July,San Benito (NCC),LDT2,Gas,STREX,CAT,TOG,0.025540996527175515
2017,July,San Benito (NCC),LDT2,Gas,STREX,NCAT,CO,0.0023885637898796307
2017,July,San Benito (NCC),LDT2,Gas,STREX,NCAT,NOx,9.220863364514751e-05
2017,July,San Benito (NCC),LDT2,Gas,STREX,NCAT,PM,4.402374581152892e-06
2017,July,San Benito (NCC),LDT2,Gas,STREX,NCAT,PM10,4.188059602095147e-06
2017,July,San Benito (NCC),LDT2,Gas,STREX,NCAT,PM2_5,3.976542786628927e-06
2017,July,San Benito (NCC),LDT2,Gas,STREX,NCAT,SOx,1.722727135311695e-07
2017,July,San Benito (NCC),LDT2,Gas,STREX,NCAT,TOG,0.00038381726421641866
2017,July,San Benito (NCC),LDT2,Phe,DIURN,CAT,TOG,3.3118745985249894e-07
2017,July,San Benito (NCC),LDT2,Phe,HOTSOAK,CAT,TOG,8.32849123824206e-08
2017,July,San Benito (NCC),LDT2,Phe,PMBW,CAT,PM,1.1790802518280825e-07
2017,July,San Benito (NCC),LDT2,Phe,PMBW,CAT,PM10,1.1790802518280825e-07
2017,July,San Benito (NCC),LDT2,Phe,PMBW,CAT,PM2_5,4.126780881398288e-08
2017,July,San Benito (NCC),LDT2,Phe,PMTW,CAT,PM,2.2710972792677082e-07
2017,July,San Benito (NCC),LDT2,Phe,PMTW,CAT,PM10,2.2710972792677082e-07
2017,July,San Benito (NCC),LDT2,Phe,PMTW,CAT,PM2_5,5.6777431981692705e-08
2017,July,San Benito (NCC),LDT2,Phe,RUNEX,CAT,CO,6.734131800244969e-06
2017,July,San Benito (NCC),LDT2,Phe,RUNEX,CAT,NH3,5.64120572262735e-07
2017,July,San Benito (NCC),LDT2,Phe,RUNEX,CAT,NOx,1.0121451984856747e-07
2017,July,San Benito (NCC),LDT2,Phe,RUNEX,CAT,PM,3.173148367286539e-08
2017,July,San Benito (NCC),LDT2,Phe,RUNEX,CAT,PM10,2.8367946403541662e-08
2017,July,San Benito (NCC),LDT2,Phe,RUNEX,CAT,PM2_5,2.6083279579095352e-08
2017,July,San Benito (NCC),LDT2,Phe,RUNEX,CAT,SOx,4.3829782393520555e-08
2017,July,San Benito (NCC),LDT2,Phe,RUNEX,CAT,TOG,6.981557903698161e-08
2017,July,San Benito (NCC),LDT2,Phe,RUNLOSS,CAT,TOG,8.518393261740263e-08
2017,July,San Benito (NCC),LDT2,Phe,STREX,CAT,CO,3.28958065800677e-06
2017,July,San Benito (NCC),LDT2,Phe,STREX,CAT,NOx,2.791147455753729e-07
2017,July,San Benito (NCC),LDT2,Phe,STREX,CAT,PM,7.821367257465512e-09
2017,July,San Benito (NCC),LDT2,Phe,STREX,CAT,PM10,6.99230232817417e-09
2017,July,San Benito (NCC),LDT2,Phe,STREX,CAT,PM2_5,6.429163885636652e-09
2017,July,San Benito (NCC),LDT2,Phe,STREX,CAT,SOx,2.0313065879521155e-09
2017,July,San Benito (NCC),LDT2,Phe,STREX,CAT,TOG,4.6204567690219673e-07
2017,July,San Benito (NCC),LHD1,Dsl,IDLEX,DSL,CO,0.0009837251425028855
2017,July,San Benito (NCC),LHD1,Dsl,IDLEX,DSL,NOx,0.002747458587483519
2017,July,San Benito (NCC),LHD1,Dsl,IDLEX,DSL,PM,3.0798730077321676e-05
2017,July,San Benito (NCC),LHD1,Dsl,IDLEX,DSL,PM10,3.061393769685775e-05
2017,July,San Benito (NCC),LHD1,Dsl,IDLEX,DSL,PM2_5,2.9289592303532915e-05
2017,July,San Benito (NCC),LHD1,Dsl,IDLEX,DSL,SOx,1.4470802711695535e-06
2017,July,San Benito (NCC),LHD1,Dsl,IDLEX,DSL,TOG,0.00013511534104481085
2017,July,San Benito (NCC),LHD1,Dsl,PMBW,DSL,PM,0.0030812067354596753
2017,July,San Benito (NCC),LHD1,Dsl,PMBW,DSL,PM10,0.0030812067354596753
2017,July,San Benito (NCC),LHD1,Dsl,PMBW,DSL,PM2_5,0.0010784223574108864
2017,July,San Benito (NCC),LHD1,Dsl,PMTW,DSL,PM,0.00047403180588753366
2017,July,San Benito (NCC),LHD1,Dsl,PMTW,DSL,PM10,0.00047403180588753366
2017,July,San Benito (NCC),LHD1,Dsl,PMTW,DSL,PM2_5,0.00011850795147188341
2017,July,San Benito (NCC),LHD1,Dsl,RUNEX,DSL,CO,0.03370743144836991
2017,July,San Benito (NCC),LHD1,Dsl,RUNEX,DSL,NH3,0.004124975031031864
2017,July,San Benito (NCC),LHD1,Dsl,RUNEX,DSL,NOx,0.13334966346546903
2017,July,San Benito (NCC),LHD1,Dsl,RUNEX,DSL,PM,0.00260851975911888
2017,July,San Benito (NCC),LHD1,Dsl,RUNEX,DSL,PM10,0.002592868640564166
2017,July,San Benito (NCC),LHD1,Dsl,RUNEX,DSL,PM2_5,0.002480702290922055
2017,July,San Benito (NCC),LHD1,Dsl,RUNEX,DSL,SOx,0.00023865237859912176
2017,July,San Benito (NCC),LHD1,Dsl,RUNEX,DSL,TOG,0.012589385156808025
2017,July,San Benito (NCC),LHD1,Gas,DIURN,CAT,TOG,0.0029741810636930623
2017,July,San Benito (NCC),LHD1,Gas,DIURN,NCAT,TOG,0.00011702989783826675
2017,July,San Benito (NCC),LHD1,Gas,HOTSOAK,CAT,TOG,0.0008630202660306608
2017,July,San Benito (NCC),LHD1,Gas,HOTSOAK,NCAT,TOG,8.561635699768508e-05
2017,July,San Benito (NCC),LHD1,Gas,IDLEX,CAT,CO,0.00279203877636546
2017,July,San Benito (NCC),LHD1,Gas,IDLEX,CAT,NOx,3.128561438481929e-05
2017,July,San Benito (NCC),LHD1,Gas,IDLEX,CAT,SOx,9.271730451660838e-07
2017,July,San Benito (NCC),LHD1,Gas,IDLEX,CAT,TOG,0.0005217193484656962
2017,July,San Benito (NCC),LHD1,Gas,IDLEX,NCAT,CO,2.4447622303375e-05
2017,July,San Benito (NCC),LHD1,Gas,IDLEX,NCAT,NOx,2.764590038842121e-07
2017,July,San Benito (NCC),LHD1,Gas,IDLEX,NCAT,SOx,9.008251516607152e-09
2017,July,San Benito (NCC),LHD1,Gas,IDLEX,NCAT,TOG,4.394256932435054e-06
2017,July,San Benito (NCC),LHD1,Gas,PMBW,CAT,PM,0.001880998884583781
2017,July,San Benito (NCC),LHD1,Gas,PMBW,CAT,PM10,0.001880998884583781
2017,July,San Benito (NCC),LHD1,Gas,PMBW,CAT,PM2_5,0.0006583496096043233
2017,July,San Benito (NCC),LHD1,Gas,PMBW,NCAT,PM,8.04818465693612e-06
2017,July,San Benito (NCC),LHD1,Gas,PMBW,NCAT,PM10,8.04818465693612e-06
2017,July,San Benito (NCC),LHD1,Gas,PMBW,NCAT,PM2_5,2.8168646299276413e-06
2017,July,San Benito (NCC),LHD1,Gas,PMTW,CAT,PM,0.00019292296271981345
2017,July,San Benito (NCC),LHD1,Gas,PMTW,CAT,PM10,0.00019292296271981345
2017,July,San Benito (NCC),LHD1,Gas,PMTW,CAT,PM2_5,4.823074067995336e-05
2017,July,San Benito (NCC),LHD1,Gas,PMTW,NCAT,PM,8.254548374577221e-07
2017,July,San Benito (NCC),LHD1,Gas,PMTW,NCAT,PM10,8.254548374577221e-07
2017,July,San Benito (NCC),LHD1,Gas,PMTW,NCAT,PM2_5,2.0636370936443054e-07
2017,July,San Benito (NCC),LHD1,Gas,RUNEX,CAT,CO,0.04977447377613077
2017,July,San Benito (NCC),LHD1,Gas,RUNEX,CAT,NH3,0.0010786106663078247
2017,July,San Benito (NCC),LHD1,Gas,RUNEX,CAT,NOx,0.0107337012369494
2017,July,San Benito (NCC),LHD1,Gas,RUNEX,CAT,PM,7.639627957084784e-05
2017,July,San Benito (NCC),LHD1,Gas,RUNEX,CAT,PM10,6.829827393633797e-05
2017,July,San Benito (NCC),LHD1,Gas,RUNEX,CAT,PM2_5,6.279774180723691e-05
2017,July,San Benito (NCC),LHD1,Gas,RUNEX,CAT,SOx,0.0002397781817782106
2017,July,San Benito (NCC),LHD1,Gas,RUNEX,CAT,TOG,0.003682335283795473
2017,July,San Benito (NCC),LHD1,Gas,RUNEX,NCAT,CO,0.012223700521835829
2017,July,San Benito (NCC),LHD1,Gas,RUNEX,NCAT,NH3,5.159091255510356e-07
2017,July,San Benito (NCC),LHD1,Gas,RUNEX,NCAT,NOx,0.00019953411388082352
2017,July,San Benito (NCC),LHD1,Gas,RUNEX,NCAT,PM,5.817729788821404e-06
2017,July,San Benito (NCC),LHD1,Gas,RUNEX,NCAT,PM10,5.590838327057369e-06
2017,July,San Benito (NCC),LHD1,Gas,RUNEX,NCAT,PM2_5,5.334858216349228e-06
2017,July,San Benito (NCC),LHD1,Gas,RUNEX,NCAT,SOx,1.2903578479981128e-06
2017,July,San Benito (NCC),LHD1,Gas,RUNEX,NCAT,TOG,0.0006344400526140928
2017,July,San Benito (NCC),LHD1,Gas,RUNLOSS,CAT,TOG,0.0041364699308960575
2017,July,San Benito (NCC),LHD1,Gas,RUNLOSS,NCAT,TOG,0.0001692849431552721
2017,July,San Benito (NCC),LHD1,Gas,STREX,CAT,CO,0.033131463301398
2017,July,San Benito (NCC),LHD1,Gas,STREX,CAT,NOx,0.008276366303670438
2017,July,San Benito (NCC),LHD1,Gas,STREX,CAT,PM,8.032125450600188e-06
2017,July,San Benito (NCC),LHD1,Gas,STREX,CAT,PM10,7.180720152836568e-06
2017,July,San Benito (NCC),LHD1,Gas,STREX,CAT,PM2_5,6.602407120393353e-06
2017,July,San Benito (NCC),LHD1,Gas,STREX,CAT,SOx,2.6839617747970966e-06
2017,July,San Benito (NCC),LHD1,Gas,STREX,CAT,TOG,0.0028522115722005256
2017,July,San Benito (NCC),LHD1,Gas,STREX,NCAT,CO,0.00018288369565700312
2017,July,San Benito (NCC),LHD1,Gas,STREX,NCAT,NOx,3.22904021379231e-05
2017,July,San Benito (NCC),LHD1,Gas,STREX,NCAT,PM,1.9761249944164648e-06
2017,July,San Benito (NCC),LHD1,Gas,STREX,NCAT,PM10,1.8990561196342222e-06
2017,July,San Benito (NCC),LHD1,Gas,STREX,NCAT,PM2_5,1.8121066198798982e-06
2017,July,San Benito (NCC),LHD1,Gas,STREX,NCAT,SOx,8.82176340631278e-08
2017,July,San Benito (NCC),LHD1,Gas,STREX,NCAT,TOG,0.0002570035843255245
2017,July,San Benito (NCC),LHD2,Dsl,IDLEX,DSL,CO,0.00029887511879598736
2017,July,San Benito (NCC),LHD2,Dsl,IDLEX,DSL,NOx,0.0008342561014952888
2017,July,San Benito (NCC),LHD2,Dsl,IDLEX,DSL,PM,9.295997246553399e-06
2017,July,San Benito (NCC),LHD2,Dsl,IDLEX,DSL,PM10,9.240221263074077e-06
2017,July,San Benito (NCC),LHD2,Dsl,IDLEX,DSL,PM2_5,8.840493381472283e-06
2017,July,San Benito (NCC),LHD2,Dsl,IDLEX,DSL,SOx,7.024210850582524e-07
2017,July,San Benito (NCC),LHD2,Dsl,IDLEX,DSL,TOG,4.105070802926005e-05
2017,July,San Benito (NCC),LHD2,Dsl,PMBW,DSL,PM,0.0011597160728384535
2017,July,San Benito (NCC),LHD2,Dsl,PMBW,DSL,PM10,0.0011597160728384535
2017,July,San Benito (NCC),LHD2,Dsl,PMBW,DSL,PM2_5,0.0004059006254934588
2017,July,San Benito (NCC),LHD2,Dsl,PMTW,DSL,PM,0.00015292959216208697
2017,July,San Benito (NCC),LHD2,Dsl,PMTW,DSL,PM10,0.00015292959216208697
2017,July,San Benito (NCC),LHD2,Dsl,PMTW,DSL,PM2_5,3.823239804052174e-05
2017,July,San Benito (NCC),LHD2,Dsl,RUNEX,DSL,CO,0.008340082520120798
2017,July,San Benito (NCC),LHD2,Dsl,RUNEX,DSL,NH3,0.0017266453168080808
2017,July,San Benito (NCC),LHD2,Dsl,RUNEX,DSL,NOx,0.031133157772252142
2017,July,San Benito (NCC),LHD2,Dsl,RUNEX,DSL,PM,0.0007008158590437314
2017,July,San Benito (NCC),LHD2,Dsl,RUNEX,DSL,PM10,0.000696610963889469
2017,July,San Benito (NCC),LHD2,Dsl,RUNEX,DSL,PM2_5,0.0006664758819505884
2017,July,San Benito (NCC),LHD2,Dsl,RUNEX,DSL,SOx,9.644658002730448e-05
2017,July,San Benito (NCC),LHD2,Dsl,RUNEX,DSL,TOG,0.003440030573591575
2017,July,San Benito (NCC),LHD2,Gas,DIURN,CAT,TOG,0.00031188262478860397
2017,July,San Benito (NCC),LHD2,Gas,HOTSOAK,CAT,TOG,9.316054085069406e-05
2017,July,San Benito (NCC),LHD2,Gas,IDLEX,CAT,CO,0.0003214950717709271
2017,July,San Benito (NCC),LHD2,Gas,IDLEX,CAT,NOx,3.6028758135762163e-06
2017,July,San Benito (NCC),LHD2,Gas,IDLEX,CAT,SOx,1.2320072442136924e-07
2017,July,San Benito (NCC),LHD2,Gas,IDLEX,CAT,TOG,6.0061277918048255e-05
2017,July,San Benito (NCC),LHD2,Gas,PMBW,CAT,PM,0.00025627390148576023
2017,July,San Benito (NCC),LHD2,Gas,PMBW,CAT,PM10,0.00025627390148576023
2017,July,San Benito (NCC),LHD2,Gas,PMBW,CAT,PM2_5,8.969586552001605e-05
2017,July,San Benito (NCC),LHD2,Gas,PMTW,CAT,PM,2.2529573780159094e-05
2017,July,San Benito (NCC),LHD2,Gas,PMTW,CAT,PM10,2.2529573780159094e-05
2017,July,San Benito (NCC),LHD2,Gas,PMTW,CAT,PM2_5,5.632393445039774e-06
2017,July,San Benito (NCC),LHD2,Gas,RUNEX,CAT,CO,0.006474233437333524
2017,July,San Benito (NCC),LHD2,Gas,RUNEX,CAT,NH3,0.00012672881619279694
2017,July,San Benito (NCC),LHD2,Gas,RUNEX,CAT,NOx,0.00123211475917252
2017,July,San Benito (NCC),LHD2,Gas,RUNEX,CAT,PM,8.685793988748754e-06
2017,July,San Benito (NCC),LHD2,Gas,RUNEX,CAT,PM10,7.765099825941387e-06
2017,July,San Benito (NCC),LHD2,Gas,RUNEX,CAT,PM2_5,7.139722658751476e-06
2017,July,San Benito (NCC),LHD2,Gas,RUNEX,CAT,SOx,3.126394221886714e-05
2017,July,San Benito (NCC),LHD2,Gas,RUNEX,CAT,TOG,0.0004575536972577151
2017,July,San Benito (NCC),LHD2,Gas,RUNLOSS,CAT,TOG,0.000451500909428556
2017,July,San Benito (NCC),LHD2,Gas,STREX,CAT,CO,0.004220761833713293
2017,July,San Benito (NCC),LHD2,Gas,STREX,CAT,NOx,0.000922422368264642
2017,July,San Benito (NCC),LHD2,Gas,STREX,CAT,PM,8.9682063195259e-07
2017,July,San Benito (NCC),LHD2,Gas,STREX,CAT,PM10,8.017576449656155e-07
2017,July,San Benito (NCC),LHD2,Gas,STREX,CAT,PM2_5,7.371865594650292e-07
2017,July,San Benito (NCC),LHD2,Gas,STREX,CAT,SOx,3.4514786694307683e-07
2017,July,San Benito (NCC),LHD2,Gas,STREX,CAT,TOG,0.0003338452677391368
2017,July,San Benito (NCC),MCY,Gas,DIURN,CAT,TOG,0.0012262434565835406
2017,July,San Benito (NCC),MCY,Gas,DIURN,NCAT,TOG,0.005334335329924224
2017,July,San Benito (NCC),MCY,Gas,HOTSOAK,CAT,TOG,0.002634373059104029
2017,July,San Benito (NCC),MCY,Gas,HOTSOAK,NCAT,TOG,0.0062635344881915665
2017,July,San Benito (NCC),MCY,Gas,PMBW,CAT,PM,3.923303791489645e-05
2017,July,San Benito (NCC),MCY,Gas,PMBW,CAT,PM10,3.923303791489645e-05
2017,July,San Benito (NCC),MCY,Gas,PMBW,CAT,PM2_5,1.3731563270213755e-05
2017,July,San Benito (NCC),MCY,Gas,PMBW,NCAT,PM,4.3978107731312645e-05
2017,July,San Benito (NCC),MCY,Gas,PMBW,NCAT,PM10,4.3978107731312645e-05
2017,July,San Benito (NCC),MCY,Gas,PMBW,NCAT,PM2_5,1.5392337705959426e-05
2017,July,San Benito (NCC),MCY,Gas,PMTW,CAT,PM,1.307767930496548e-05
2017,July,San Benito (NCC),MCY,Gas,PMTW,CAT,PM10,1.307767930496548e-05
2017,July,San Benito (NCC),MCY,Gas,PMTW,CAT,PM2_5,3.26941982624137e-06
2017,July,San Benito (NCC),MCY,Gas,PMTW,NCAT,PM,1.465936924377088e-05
2017,July,San Benito (NCC),MCY,Gas,PMTW,NCAT,PM10,1.465936924377088e-05
2017,July,San Benito (NCC),MCY,Gas,PMTW,NCAT,PM2_5,3.66484231094272e-06
2017,July,San Benito (NCC),MCY,Gas,RUNEX,CAT,CO,0.026776485969969267
2017,July,San Benito (NCC),MCY,Gas,RUNEX,CAT,NH3,4.1399503349532405e-05
2017,July,San Benito (NCC),MCY,Gas,RUNEX,CAT,NOx,0.001521910508818793
2017,July,San Benito (NCC),MCY,Gas,RUNEX,CAT,PM,5.178794802090529e-06
2017,July,San Benito (NCC),MCY,Gas,RUNEX,CAT,PM10,4.778781590998497e-06
2017,July,San Benito (NCC),MCY,Gas,RUNEX,CAT,PM2_5,4.468151545278244e-06
2017,July,San Benito (NCC),MCY,Gas,RUNEX,CAT,SOx,6.13735678675025e-06
2017,July,San Benito (NCC),MCY,Gas,RUNEX,CAT,TOG,0.0032533810955652485
2017,July,San Benito (NCC),MCY,Gas,RUNEX,NCAT,CO,0.0958355163846434
2017,July,San Benito (NCC),MCY,Gas,RUNEX,NCAT,NH3,1.5277230547101114e-05
2017,July,San Benito (NCC),MCY,Gas,RUNEX,NCAT,NOx,0.003396514362444353
2017,July,San Benito (NCC),MCY,Gas,RUNEX,NCAT,PM,9.845711828449213e-06
2017,July,San Benito (NCC),MCY,Gas,RUNEX,NCAT,PM10,9.312790029210132e-06
2017,July,San Benito (NCC),MCY,Gas,RUNEX,NCAT,PM2_5,8.817335528728101e-06
2017,July,San Benito (NCC),MCY,Gas,RUNEX,NCAT,SOx,7.129913438441086e-06
2017,July,San Benito (NCC),MCY,Gas,RUNEX,NCAT,TOG,0.009986884835389327
2017,July,San Benito (NCC),MCY,Gas,RUNLOSS,CAT,TOG,0.0025010653278469052
2017,July,San Benito (NCC),MCY,Gas,RUNLOSS,NCAT,TOG,0.006285533403206696
2017,July,San Benito (NCC),MCY,Gas,STREX,CAT,CO,0.004740337718325666
2017,July,San Benito (NCC),MCY,Gas,STREX,CAT,NOx,0.00010012147215847744
2017,July,San Benito (NCC),MCY,Gas,STREX,CAT,PM,2.266617623836878e-06
2017,July,San Benito (NCC),MCY,Gas,STREX,CAT,PM10,2.1024565685756717e-06
2017,July,San Benito (NCC),MCY,Gas,STREX,CAT,PM2_5,1.971063257274851e-06
2017,July,San Benito (NCC),MCY,Gas,STREX,CAT,SOx,3.5611957264944374e-07
2017,July,San Benito (NCC),MCY,Gas,STREX,CAT,TOG,0.0009596625668605942
2017,July,San Benito (NCC),MCY,Gas,STREX,NCAT,CO,0.016687447286592702
2017,July,San Benito (NCC),MCY,Gas,STREX,NCAT,NOx,0.0004158767311272677
2017,July,San Benito (NCC),MCY,Gas,STREX,NCAT,PM,1.0111654899166339e-05
2017,July,San Benito (NCC),MCY,Gas,STREX,NCAT,PM10,9.641199945233354e-06
2017,July,San Benito (NCC),MCY,Gas,STREX,NCAT,PM2_5,9.164483972054602e-06
2017,July,San Benito (NCC),MCY,Gas,STREX,NCAT,SOx,1.1345814374285826e-06
2017,July,San Benito (NCC),MCY,Gas,STREX,NCAT,TOG,0.004124659074718349
2017,July,San Benito (NCC),MDV,Dsl,PMBW,DSL,PM,4.6276680549238215e-05
2017,July,San Benito (NCC),MDV,Dsl,PMBW,DSL,PM10,4.6276680549238215e-05
2017,July,San Benito (NCC),MDV,Dsl,PMBW,DSL,PM2_5,1.6196838192233376e-05
2017,July,San Benito (NCC),MDV,Dsl,PMTW,DSL,PM,3.786608635701711e-05
2017,July,San Benito (NCC),MDV,Dsl,PMTW,DSL,PM10,3.786608635701711e-05
2017,July,San Benito (NCC),MDV,Dsl,PMTW,DSL,PM2_5,9.466521589254278e-06
2017,July,San Benito (NCC),MDV,Dsl,RUNEX,DSL,CO,0.0011282209306997194
2017,July,San Benito (NCC),MDV,Dsl,RUNEX,DSL,NH3,1.4673104258018644e-05
2017,July,San Benito (NCC),MDV,Dsl,RUNEX,DSL,NOx,0.0005764524528355779
2017,July,San Benito (NCC),MDV,Dsl,RUNEX,DSL,PM,3.99039978913613e-05
2017,July,San Benito (NCC),MDV,Dsl,RUNEX,DSL,PM10,3.966457390401314e-05
2017,July,San Benito (NCC),MDV,Dsl,RUNEX,DSL,PM2_5,3.7948701994684594e-05
2017,July,San Benito (NCC),MDV,Dsl,RUNEX,DSL,SOx,1.924408275093618e-05
2017,July,San Benito (NCC),MDV,Dsl,RUNEX,DSL,TOG,9.081156445244805e-05
2017,July,San Benito (NCC),MDV,Gas,DIURN,CAT,TOG,0.014314077193463285
2017,July,San Benito (NCC),MDV,Gas,DIURN,NCAT,TOG,0.00041356812879064184
2017,July,San Benito (NCC),MDV,Gas,HOTSOAK,CAT,TOG,0.004335108099428222
2017,July,San Benito (NCC),MDV,Gas,HOTSOAK,NCAT,TOG,0.0002892757346305112
2017,July,San Benito (NCC),MDV,Gas,PMBW,CAT,PM,0.002518465101899247
2017,July,San Benito (NCC),MDV,Gas,PMBW,CAT,PM10,0.002518465101899247
2017,July,San Benito (NCC),MDV,Gas,PMBW,CAT,PM2_5,0.0008814627856647364
2017,July,San Benito (NCC),MDV,Gas,PMBW,NCAT,PM,1.2675532176831371e-06
2017,July,San Benito (NCC),MDV,Gas,PMBW,NCAT,PM10,1.2675532176831371e-06
2017,July,San Benito (NCC),MDV,Gas,PMBW,NCAT,PM2_5,4.4364362618909803e-07
2017,July,San Benito (NCC),MDV,Gas,PMTW,CAT,PM,0.0018791864805147317
2017,July,San Benito (NCC),MDV,Gas,PMTW,CAT,PM10,0.0018791864805147317
2017,July,San Benito (NCC),MDV,Gas,PMTW,CAT,PM2_5,0.0004697966201286829
2017,July,San Benito (NCC),MDV,Gas,PMTW,NCAT,PM,8.067253880205334e-07
2017,July,San Benito (NCC),MDV,Gas,PMTW,NCAT,PM10,8.067253880205334e-07
2017,July,San Benito (NCC),MDV,Gas,PMTW,NCAT,PM2_5,2.0168134700513334e-07
2017,July,San Benito (NCC),MDV,Gas,RUNEX,CAT,CO,0.4332063855983269
2017,July,San Benito (NCC),MDV,Gas,RUNEX,CAT,NH3,0.007240509199941695
2017,July,San Benito (NCC),MDV,Gas,RUNEX,CAT,NOx,0.0606988505711508
2017,July,San Benito (NCC),MDV,Gas,RUNEX,CAT,PM,0.00044240828743343234
2017,July,San Benito (NCC),MDV,Gas,RUNEX,CAT,PM10,0.0003955598210181618
2017,July,San Benito (NCC),MDV,Gas,RUNEX,CAT,PM2_5,0.0003637259875688481
2017,July,San Benito (NCC),MDV,Gas,RUNEX,CAT,SOx,0.0010861416251099969
2017,July,San Benito (NCC),MDV,Gas,RUNEX,CAT,TOG,0.014771432783682738
2017,July,San Benito (NCC),MDV,Gas,RUNEX,NCAT,CO,0.012053837766152261
2017,July,San Benito (NCC),MDV,Gas,RUNEX,NCAT,NH3,1.3773374826872228e-06
2017,July,San Benito (NCC),MDV,Gas,RUNEX,NCAT,NOx,0.0007413229355341732
2017,July,San Benito (NCC),MDV,Gas,RUNEX,NCAT,PM,5.841598117702271e-06
2017,July,San Benito (NCC),MDV,Gas,RUNEX,NCAT,PM10,5.566963738438487e-06
2017,July,San Benito (NCC),MDV,Gas,RUNEX,NCAT,PM2_5,5.2903701753662275e-06
2017,July,San Benito (NCC),MDV,Gas,RUNEX,NCAT,SOx,7.669442976870715e-07
2017,July,San Benito (NCC),MDV,Gas,RUNEX,NCAT,TOG,0.000667042378080036
2017,July,San Benito (NCC),MDV,Gas,RUNLOSS,CAT,TOG,0.010885658285060553
2017,July,San Benito (NCC),MDV,Gas,RUNLOSS,NCAT,TOG,0.00025663347251789214
2017,July,San Benito (NCC),MDV,Gas,STREX,CAT,CO,0.22500020863807055
2017,July,San Benito (NCC),MDV,Gas,STREX,CAT,NOx,0.02666671021721961
2017,July,San Benito (NCC),MDV,Gas,STREX,CAT,PM,0.00010075293946586921
2017,July,San Benito (NCC),MDV,Gas,STREX,CAT,PM10,9.010537968601314e-05
2017,July,San Benito (NCC),MDV,Gas,STREX,CAT,PM2_5,8.286464641012325e-05
2017,July,San Benito (NCC),MDV,Gas,STREX,CAT,SOx,3.7478665078895144e-05
2017,July,San Benito (NCC),MDV,Gas,STREX,CAT,TOG,0.03454206666803831
2017,July,San Benito (NCC),MDV,Gas,STREX,NCAT,CO,0.004029153288086473
2017,July,San Benito (NCC),MDV,Gas,STREX,NCAT,NOx,0.0001549055732092245
2017,July,San Benito (NCC),MDV,Gas,STREX,NCAT,PM,4.823239961263829e-06
2017,July,San Benito (NCC),MDV,Gas,STREX,NCAT,PM10,4.602881799248454e-06
2017,July,San Benito (NCC),MDV,Gas,STREX,NCAT,PM2_5,4.377180875300153e-06
2017,July,San Benito (NCC),MDV,Gas,STREX,NCAT,SOx,2.3745916744789824e-07
2017,July,San Benito (NCC),MDV,Gas,STREX,NCAT,TOG,0.0004974104651252673
2017,July,San Benito (NCC),MDV,Phe,DIURN,CAT,TOG,3.707361082680542e-06
2017,July,San Benito (NCC),MDV,Phe,HOTSOAK,CAT,TOG,9.499516529304591e-07
2017,July,San Benito (NCC),MDV,Phe,PMBW,CAT,PM,1.4962867945713776e-06
2017,July,San Benito (NCC),MDV,Phe,PMBW,CAT,PM10,1.4962867945713776e-06
2017,July,San Benito (NCC),MDV,Phe,PMBW,CAT,PM2_5,5.237003780999821e-07
2017,July,San Benito (NCC),MDV,Phe,PMTW,CAT,PM,2.8868487709190406e-06
2017,July,San Benito (NCC),MDV,Phe,PMTW,CAT,PM10,2.8868487709190406e-06
2017,July,San Benito (NCC),MDV,Phe,PMTW,CAT,PM2_5,7.217121927297602e-07
2017,July,San Benito (NCC),MDV,Phe,RUNEX,CAT,CO,8.559924001587632e-05
2017,July,San Benito (NCC),MDV,Phe,RUNEX,CAT,NH3,8.212580284151009e-06
2017,July,San Benito (NCC),MDV,Phe,RUNEX,CAT,NOx,1.2865631731909426e-06
2017,July,San Benito (NCC),MDV,Phe,RUNEX,CAT,PM,4.306701206921318e-07
2017,July,San Benito (NCC),MDV,Phe,RUNEX,CAT,PM10,3.8501908789876587e-07
2017,July,San Benito (NCC),MDV,Phe,RUNEX,CAT,PM2_5,3.540108392089323e-07
2017,July,San Benito (NCC),MDV,Phe,RUNEX,CAT,SOx,5.571313681163942e-07
2017,July,San Benito (NCC),MDV,Phe,RUNEX,CAT,TOG,8.874433533683698e-07
2017,July,San Benito (NCC),MDV,Phe,RUNLOSS,CAT,TOG,9.939032444903104e-07
2017,July,San Benito (NCC),MDV,Phe,STREX,CAT,CO,3.910759800724381e-05
2017,July,San Benito (NCC),MDV,Phe,STREX,CAT,NOx,3.31820630124624e-06
2017,July,San Benito (NCC),MDV,Phe,STREX,CAT,PM,9.963970336445916e-08
2017,July,San Benito (NCC),MDV,Phe,STREX,CAT,PM10,8.90778948078265e-08
2017,July,San Benito (NCC),MDV,Phe,STREX,CAT,PM2_5,8.190383616558542e-08
2017,July,San Benito (NCC),MDV,Phe,STREX,CAT,SOx,2.9013927361064368e-08
2017,July,San Benito (NCC),MDV,Phe,STREX,CAT,TOG,5.4929483334890085e-06
2017,July,San Benito (NCC),MH,Dsl,PMBW,DSL,PM,2.5416571669410556e-05
2017,July,San Benito (NCC),MH,Dsl,PMBW,DSL,PM10,2.5416571669410556e-05
2017,July,San Benito (NCC),MH,Dsl,PMBW,DSL,PM2_5,8.895800084293694e-06
2017,July,San Benito (NCC),MH,Dsl,PMTW,DSL,PM,9.068892560924373e-06
2017,July,San Benito (NCC),MH,Dsl,PMTW,DSL,PM10,9.068892560924373e-06
2017,July,San Benito (NCC),MH,Dsl,PMTW,DSL,PM2_5,2.267223140231093e-06
2017,July,San Benito (NCC),MH,Dsl,RUNEX,DSL,CO,0.0003119240585506131
2017,July,San Benito (NCC),MH,Dsl,RUNEX,DSL,NH3,4.856925123229749e-05
2017,July,San Benito (NCC),MH,Dsl,RUNEX,DSL,NOx,0.0033593205923069776
2017,July,San Benito (NCC),MH,Dsl,RUNEX,DSL,PM,0.00010185019224673811
2017,July,San Benito (NCC),MH,Dsl,RUNEX,DSL,PM10,0.00010123909109325772
2017,July,San Benito (NCC),MH,Dsl,RUNEX,DSL,PM2_5,9.685953282664793e-05
2017,July,San Benito (NCC),MH,Dsl,RUNEX,DSL,SOx,5.778638827531177e-06
2017,July,San Benito (NCC),MH,Dsl,RUNEX,DSL,TOG,0.00010036232632978605
2017,July,San Benito (NCC),MH,Gas,DIURN,CAT,TOG,0.0010593523769624558
2017,July,San Benito (NCC),MH,Gas,DIURN,NCAT,TOG,9.958268482983363e-05
2017,July,San Benito (NCC),MH,Gas,HOTSOAK,CAT,TOG,0.00031085997620849753
2017,July,San Benito (NCC),MH,Gas,HOTSOAK,NCAT,TOG,7.357916039241267e-05
2017,July,San Benito (NCC),MH,Gas,PMBW,CAT,PM,6.747732016506702e-05
2017,July,San Benito (NCC),MH,Gas,PMBW,CAT,PM10,6.747732016506702e-05
2017,July,San Benito (NCC),MH,Gas,PMBW,CAT,PM2_5,2.361706205777345e-05
2017,July,San Benito (NCC),MH,Gas,PMBW,NCAT,PM,1.1613707447665644e-06
2017,July,San Benito (NCC),MH,Gas,PMBW,NCAT,PM10,1.1613707447665644e-06
2017,July,San Benito (NCC),MH,Gas,PMBW,NCAT,PM2_5,4.0647976066829746e-07
2017,July,San Benito (NCC),MH,Gas,PMTW,CAT,PM,1.797497305314204e-05
2017,July,San Benito (NCC),MH,Gas,PMTW,CAT,PM10,1.797497305314204e-05
2017,July,San Benito (NCC),MH,Gas,PMTW,CAT,PM2_5,4.49374326328551e-06
2017,July,San Benito (NCC),MH,Gas,PMTW,NCAT,PM,3.0937221263113817e-07
2017,July,San Benito (NCC),MH,Gas,PMTW,NCAT,PM10,3.0937221263113817e-07
2017,July,San Benito (NCC),MH,Gas,PMTW,NCAT,PM2_5,7.734305315778454e-08
2017,July,San Benito (NCC),MH,Gas,RUNEX,CAT,CO,0.005233009825523413
2017,July,San Benito (NCC),MH,Gas,RUNEX,CAT,NH3,6.677122940522502e-05
2017,July,San Benito (NCC),MH,Gas,RUNEX,CAT,NOx,0.0010599917503607353
2017,July,San Benito (NCC),MH,Gas,RUNEX,CAT,PM,3.887287852290112e-06
2017,July,San Benito (NCC),MH,Gas,RUNEX,CAT,PM10,3.4752353399473608e-06
2017,July,San Benito (NCC),MH,Gas,RUNEX,CAT,PM2_5,3.195350614582471e-06
2017,July,San Benito (NCC),MH,Gas,RUNEX,CAT,SOx,2.8924706436410572e-05
2017,July,San Benito (NCC),MH,Gas,RUNEX,CAT,TOG,0.0002805989533182863
2017,July,San Benito (NCC),MH,Gas,RUNEX,NCAT,CO,0.004459346456414876
2017,July,San Benito (NCC),MH,Gas,RUNEX,NCAT,NH3,1.2890505165199848e-07
2017,July,San Benito (NCC),MH,Gas,RUNEX,NCAT,NOx,8.609192984988746e-05
2017,July,San Benito (NCC),MH,Gas,RUNEX,NCAT,PM,1.137855302781503e-06
2017,July,San Benito (NCC),MH,Gas,RUNEX,NCAT,PM10,1.0934789459730244e-06
2017,July,San Benito (NCC),MH,Gas,RUNEX,NCAT,PM2_5,1.0434133126506387e-06
2017,July,San Benito (NCC),MH,Gas,RUNEX,NCAT,SOx,5.71432780267337e-07
2017,July,San Benito (NCC),MH,Gas,RUNEX,NCAT,TOG,0.00017631173981571722
2017,July,San Benito (NCC),MH,Gas,RUNLOSS,CAT,TOG,6.3098615650445105e-06
2017,July,San Benito (NCC),MH,Gas,RUNLOSS,NCAT,TOG,5.886072326391053e-07
2017,July,San Benito (NCC),MH,Gas,STREX,CAT,CO,7.929934347216262e-05
2017,July,San Benito (NCC),MH,Gas,STREX,CAT,NOx,7.038354369353928e-06
2017,July,San Benito (NCC),MH,Gas,STREX,CAT,PM,1.0966595614565706e-08
2017,July,San Benito (NCC),MH,Gas,STREX,CAT,PM10,9.804136479421743e-09
2017,July,San Benito (NCC),MH,Gas,STREX,CAT,PM2_5,9.014541595173008e-09
2017,July,San Benito (NCC),MH,Gas,STREX,CAT,SOx,5.9756779525657405e-09
2017,July,San Benito (NCC),MH,Gas,STREX,CAT,TOG,3.946996580779973e-06
2017,July,San Benito (NCC),MH,Gas,STREX,NCAT,CO,5.515154116255365e-07
2017,July,San Benito (NCC),MH,Gas,STREX,NCAT,NOx,3.953041470455282e-07
2017,July,San Benito (NCC),MH,Gas,STREX,NCAT,PM,1.0259647902615273e-08
2017,July,San Benito (NCC),MH,Gas,STREX,NCAT,PM10,9.859521634413278e-09
2017,July,San Benito (NCC),MH,Gas,STREX,NCAT,PM2_5,9.408097126698207e-09
2017,July,San Benito (NCC),MH,Gas,STREX,NCAT,SOx,8.798511862321476e-10
2017,July,San Benito (NCC),MH,Gas,STREX,NCAT,TOG,2.4977760623974683e-06
2017,July,San Benito (NCC),OBUS,Gas,DIURN,CAT,TOG,2.6139364242272433e-05
2017,July,San Benito (NCC),OBUS,Gas,HOTSOAK,CAT,TOG,7.880675917597828e-06
2017,July,San Benito (NCC),OBUS,Gas,IDLEX,CAT,CO,7.06344704580401e-05
2017,July,San Benito (NCC),OBUS,Gas,IDLEX,CAT,NOx,7.957706640037452e-07
2017,July,San Benito (NCC),OBUS,Gas,IDLEX,CAT,SOx,4.751526722224649e-08
2017,July,San Benito (NCC),OBUS,Gas,IDLEX,CAT,TOG,1.3315466936731107e-05
2017,July,San Benito (NCC),OBUS,Gas,PMBW,CAT,PM,3.794171123271189e-05
2017,July,San Benito (NCC),OBUS,Gas,PMBW,CAT,PM10,3.794171123271189e-05
2017,July,San Benito (NCC),OBUS,Gas,PMBW,CAT,PM2_5,1.3279598931449162e-05
2017,July,San Benito (NCC),OBUS,Gas,PMTW,CAT,PM,1.014335596873442e-05
2017,July,San Benito (NCC),OBUS,Gas,PMTW,CAT,PM10,1.014335596873442e-05
2017,July,San Benito (NCC),OBUS,Gas,PMTW,CAT,PM2_5,2.535838992183605e-06
2017,July,San Benito (NCC),OBUS,Gas,RUNEX,CAT,CO,0.002000342768557082
2017,July,San Benito (NCC),OBUS,Gas,RUNEX,CAT,NH3,3.803757398114957e-05
2017,July,San Benito (NCC),OBUS,Gas,RUNEX,CAT,NOx,0.0006045108966486765
2017,July,San Benito (NCC),OBUS,Gas,RUNEX,CAT,PM,6.182955585982876e-07
2017,July,San Benito (NCC),OBUS,Gas,RUNEX,CAT,PM10,5.52756229386869e-07
2017,July,San Benito (NCC),OBUS,Gas,RUNEX,CAT,PM2_5,5.082389491677923e-07
2017,July,San Benito (NCC),OBUS,Gas,RUNEX,CAT,SOx,1.568001657377601e-05
2017,July,San Benito (NCC),OBUS,Gas,RUNEX,CAT,TOG,0.00012606909763541083
2017,July,San Benito (NCC),OBUS,Gas,RUNLOSS,CAT,TOG,2.706520759792229e-05
2017,July,San Benito (NCC),OBUS,Gas,STREX,CAT,CO,0.0010967503205301498
2017,July,San Benito (NCC),OBUS,Gas,STREX,CAT,NOx,0.00010489360791362935
2017,July,San Benito (NCC),OBUS,Gas,STREX,CAT,PM,5.281899851289263e-08
2017,July,San Benito (NCC),OBUS,Gas,STREX,CAT,PM10,4.722018467052602e-08
2017,July,San Benito (NCC),OBUS,Gas,STREX,CAT,PM2_5,4.341721677759774e-08
2017,July,San Benito (NCC),OBUS,Gas,STREX,CAT,SOx,8.072136289994698e-08
2017,July,San Benito (NCC),OBUS,Gas,STREX,CAT,TOG,5.759074443670418e-05
2017,July,San Benito (NCC),SBUS,Dsl,IDLEX,DSL,CO,9.326692576451462e-05
2017,July,San Benito (NCC),SBUS,Dsl,IDLEX,DSL,NOx,0.0005533089477490832
2017,July,San Benito (NCC),SBUS,Dsl,IDLEX,DSL,PM,5.592021475416356e-07
2017,July,San Benito (NCC),SBUS,Dsl,IDLEX,DSL,PM10,5.558469346563856e-07
2017,July,San Benito (NCC),SBUS,Dsl,IDLEX,DSL,PM2_5,5.318012423120953e-07
2017,July,San Benito (NCC),SBUS,Dsl,IDLEX,DSL,SOx,5.176365884839239e-07
2017,July,San Benito (NCC),SBUS,Dsl,IDLEX,DSL,TOG,4.951893980880439e-06
2017,July,San Benito (NCC),SBUS,Dsl,PMBW,DSL,PM,3.1458020691035436e-05
2017,July,San Benito (NCC),SBUS,Dsl,PMBW,DSL,PM10,3.1458020691035436e-05
2017,July,San Benito (NCC),SBUS,Dsl,PMBW,DSL,PM2_5,1.1010307241862399e-05
2017,July,San Benito (NCC),SBUS,Dsl,PMTW,DSL,PM,8.404283701326308e-06
2017,July,San Benito (NCC),SBUS,Dsl,PMTW,DSL,PM10,8.404283701326308e-06
2017,July,San Benito (NCC),SBUS,Dsl,PMTW,DSL,PM2_5,2.101070925331577e-06
2017,July,San Benito (NCC),SBUS,Dsl,RUNEX,DSL,CO,0.00013108682233877415
2017,July,San Benito (NCC),SBUS,Dsl,RUNEX,DSL,NH3,9.281371555128509e-05
2017,July,San Benito (NCC),SBUS,Dsl,RUNEX,DSL,NOx,0.0031439304286752564
2017,July,San Benito (NCC),SBUS,Dsl,RUNEX,DSL,PM,1.7889225697891333e-05
2017,July,San Benito (NCC),SBUS,Dsl,RUNEX,DSL,PM10,1.7781890343703984e-05
2017,July,San Benito (NCC),SBUS,Dsl,RUNEX,DSL,PM2_5,1.701265363869466e-05
2017,July,San Benito (NCC),SBUS,Dsl,RUNEX,DSL,SOx,7.646536249529166e-06
2017,July,San Benito (NCC),SBUS,Dsl,RUNEX,DSL,TOG,4.943587629785156e-05
2017,July,San Benito (NCC),SBUS,Dsl,STREX,DSL,NOx,0.00016678217391673754
2017,July,San Benito (NCC),SBUS,Gas,DIURN,CAT,TOG,2.0068917874869638e-05
2017,July,San Benito (NCC),SBUS,Gas,HOTSOAK,CAT,TOG,1.0827570116846141e-05
2017,July,San Benito (NCC),SBUS,Gas,IDLEX,CAT,CO,0.0008715695721585265
2017,July,San Benito (NCC),SBUS,Gas,IDLEX,CAT,NOx,9.821144015811883e-06
2017,July,San Benito (NCC),SBUS,Gas,IDLEX,CAT,SOx,2.8499317630499385e-07
2017,July,San Benito (NCC),SBUS,Gas,IDLEX,CAT,TOG,0.00016421986944990187
2017,July,San Benito (NCC),SBUS,Gas,PMBW,CAT,PM,3.33764861728728e-05
2017,July,San Benito (NCC),SBUS,Gas,PMBW,CAT,PM10,3.33764861728728e-05
2017,July,San Benito (NCC),SBUS,Gas,PMBW,CAT,PM2_5,1.168177016050548e-05
2017,July,San Benito (NCC),SBUS,Gas,PMTW,CAT,PM,5.767441986020831e-06
2017,July,San Benito (NCC),SBUS,Gas,PMTW,CAT,PM10,5.767441986020831e-06
2017,July,San Benito (NCC),SBUS,Gas,PMTW,CAT,PM2_5,1.4418604965052077e-06
2017,July,San Benito (NCC),SBUS,Gas,RUNEX,CAT,CO,0.002717501575770138
2017,July,San Benito (NCC),SBUS,Gas,RUNEX,CAT,NH3,3.112508704041999e-05
2017,July,San Benito (NCC),SBUS,Gas,RUNEX,CAT,NOx,0.0002821694241945755
2017,July,San Benito (NCC),SBUS,Gas,RUNEX,CAT,PM,1.0586138792241626e-06
2017,July,San Benito (NCC),SBUS,Gas,RUNEX,CAT,PM10,9.464008080264014e-07
2017,July,San Benito (NCC),SBUS,Gas,RUNEX,CAT,PM2_5,8.701806087222615e-07
2017,July,San Benito (NCC),SBUS,Gas,RUNEX,CAT,SOx,6.5674695230140335e-06
2017,July,San Benito (NCC),SBUS,Gas,RUNEX,CAT,TOG,0.00023003830267785704
2017,July,San Benito (NCC),SBUS,Gas,RUNLOSS,CAT,TOG,1.2297056783362247e-05
2017,July,San Benito (NCC),SBUS,Gas,STREX,CAT,CO,0.0003958558475009101
2017,July,San Benito (NCC),SBUS,Gas,STREX,CAT,NOx,2.55465826049355e-05
2017,July,San Benito (NCC),SBUS,Gas,STREX,CAT,PM,2.7506511610156348e-08
2017,July,San Benito (NCC),SBUS,Gas,STREX,CAT,PM10,2.4590821379479777e-08
2017,July,San Benito (NCC),SBUS,Gas,STREX,CAT,PM2_5,2.261035254354852e-08
2017,July,San Benito (NCC),SBUS,Gas,STREX,CAT,SOx,2.4467065653715135e-08
2017,July,San Benito (NCC),SBUS,Gas,STREX,CAT,TOG,1.5523003377025693e-05
2017,July,San Benito (NCC),SBUS,NG,IDLEX,CAT,CO,4.2374771624106906e-07
2017,July,San Benito (NCC),SBUS,NG,IDLEX,CAT,NOx,1.3724943837813185e-07
2017,July,San Benito (NCC),SBUS,NG,IDLEX,CAT,PM,2.9591794969983215e-10
2017,July,San Benito (NCC),SBUS,NG,IDLEX,CAT,PM10,2.6455064703165005e-10
2017,July,San Benito (NCC),SBUS,NG,IDLEX,CAT,PM2_5,2.43244554653262e-10
2017,July,San Benito (NCC),SBUS,NG,IDLEX,CAT,TOG,4.2491183137716777e-07
2017,July,San Benito (NCC),SBUS,NG,PMBW,CAT,PM,3.579423853422512e-08
2017,July,San Benito (NCC),SBUS,NG,PMBW,CAT,PM10,3.579423853422512e-08
2017,July,San Benito (NCC),SBUS,NG,PMBW,CAT,PM2_5,1.2527983486978792e-08
2017,July,San Benito (NCC),SBUS,NG,PMTW,CAT,PM,9.562741994136338e-09
2017,July,San Benito (NCC),SBUS,NG,PMTW,CAT,PM10,9.562741994136338e-09
2017,July,San Benito (NCC),SBUS,NG,PMTW,CAT,PM2_5,2.3906854985340845e-09
2017,July,San Benito (NCC),SBUS,NG,RUNEX,CAT,CO,1.0559603311840204e-05
2017,July,San Benito (NCC),SBUS,NG,RUNEX,CAT,NH3,8.447086340544204e-07
2017,July,San Benito (NCC),SBUS,NG,RUNEX,CAT,NOx,5.289052476853304e-07
2017,July,San Benito (NCC),SBUS,NG,RUNEX,CAT,PM,3.275166580455874e-09
2017,July,San Benito (NCC),SBUS,NG,RUNEX,CAT,PM10,2.927998922927552e-09
2017,July,San Benito (NCC),SBUS,NG,RUNEX,CAT,PM2_5,2.6921869291347283e-09
2017,July,San Benito (NCC),SBUS,NG,RUNEX,CAT,TOG,3.0718614807452922e-06
2017,July,San Benito (NCC),T6TS,Gas,DIURN,CAT,TOG,0.00044729750439305275
2017,July,San Benito (NCC),T6TS,Gas,DIURN,NCAT,TOG,8.782365224532821e-05
2017,July,San Benito (NCC),T6TS,Gas,HOTSOAK,CAT,TOG,0.00013680709667312905
2017,July,San Benito (NCC),T6TS,Gas,HOTSOAK,NCAT,TOG,6.0095296227802494e-05
2017,July,San Benito (NCC),T6TS,Gas,IDLEX,CAT,CO,0.0005428259150531728
2017,July,San Benito (NCC),T6TS,Gas,IDLEX,CAT,NOx,4.8096644300418585e-06
2017,July,San Benito (NCC),T6TS,Gas,IDLEX,CAT,SOx,3.20569399419205e-07
2017,July,San Benito (NCC),T6TS,Gas,IDLEX,CAT,TOG,7.034131739340116e-05
2017,July,San Benito (NCC),T6TS,Gas,IDLEX,NCAT,CO,4.999563543519533e-05
2017,July,San Benito (NCC),T6TS,Gas,IDLEX,NCAT,NOx,4.441459780407062e-07
2017,July,San Benito (NCC),T6TS,Gas,IDLEX,NCAT,SOx,3.140439244750975e-08
2017,July,San Benito (NCC),T6TS,Gas,IDLEX,NCAT,TOG,6.288927907331094e-06
2017,July,San Benito (NCC),T6TS,Gas,PMBW,CAT,PM,0.00010765199905525255
2017,July,San Benito (NCC),T6TS,Gas,PMBW,CAT,PM10,0.00010765199905525255
2017,July,San Benito (NCC),T6TS,Gas,PMBW,CAT,PM2_5,3.7678199669338396e-05
2017,July,San Benito (NCC),T6TS,Gas,PMBW,NCAT,PM,3.0496657975144557e-06
2017,July,San Benito (NCC),T6TS,Gas,PMBW,NCAT,PM10,3.0496657975144557e-06
2017,July,San Benito (NCC),T6TS,Gas,PMBW,NCAT,PM2_5,1.0673830291300593e-06
2017,July,San Benito (NCC),T6TS,Gas,PMTW,CAT,PM,2.8676921036600504e-05
2017,July,San Benito (NCC),T6TS,Gas,PMTW,CAT,PM10,2.8676921036600504e-05
2017,July,San Benito (NCC),T6TS,Gas,PMTW,CAT,PM2_5,7.169230259150126e-06
2017,July,San Benito (NCC),T6TS,Gas,PMTW,NCAT,PM,8.123864492145374e-07
2017,July,San Benito (NCC),T6TS,Gas,PMTW,NCAT,PM10,8.123864492145374e-07
2017,July,San Benito (NCC),T6TS,Gas,PMTW,NCAT,PM2_5,2.0309661230363434e-07
2017,July,San Benito (NCC),T6TS,Gas,RUNEX,CAT,CO,0.029913119466329303
2017,July,San Benito (NCC),T6TS,Gas,RUNEX,CAT,NH3,0.00010398423336995917
2017,July,San Benito (NCC),T6TS,Gas,RUNEX,CAT,NOx,0.005890657735325731
2017,July,San Benito (NCC),T6TS,Gas,RUNEX,CAT,PM,1.0813154210311709e-05
2017,July,San Benito (NCC),T6TS,Gas,RUNEX,CAT,PM10,9.666959864018674e-06
2017,July,San Benito (NCC),T6TS,Gas,RUNEX,CAT,PM2_5,8.888412760876224e-06
2017,July,San Benito (NCC),T6TS,Gas,RUNEX,CAT,SOx,4.581291279153392e-05
2017,July,San Benito (NCC),T6TS,Gas,RUNEX,CAT,TOG,0.001948942692791984
2017,July,San Benito (NCC),T6TS,Gas,RUNEX,NCAT,CO,0.011899813185946871
2017,July,San Benito (NCC),T6TS,Gas,RUNEX,NCAT,NH3,3.38494256826618e-07
2017,July,San Benito (NCC),T6TS,Gas,RUNEX,NCAT,NOx,0.00023319622487685514
2017,July,San Benito (NCC),T6TS,Gas,RUNEX,NCAT,PM,2.9879161456841166e-06
2017,July,San Benito (NCC),T6TS,Gas,RUNEX,NCAT,PM10,2.8713874160024367e-06
2017,July,San Benito (NCC),T6TS,Gas,RUNEX,NCAT,PM2_5,2.739919105592336e-06
2017,July,San Benito (NCC),T6TS,Gas,RUNEX,NCAT,SOx,1.5034012552350098e-06
2017,July,San Benito (NCC),T6TS,Gas,RUNEX,NCAT,TOG,0.0004591127169757212
2017,July,San Benito (NCC),T6TS,Gas,RUNLOSS,CAT,TOG,0.0009096060014270611
2017,July,San Benito (NCC),T6TS,Gas,RUNLOSS,NCAT,TOG,0.00017529585801089455
2017,July,San Benito (NCC),T6TS,Gas,STREX,CAT,CO,0.01039001804361375
2017,July,San Benito (NCC),T6TS,Gas,STREX,CAT,NOx,0.0005866684629890637
2017,July,San Benito (NCC),T6TS,Gas,STREX,CAT,PM,1.9596670285968206e-06
2017,July,San Benito (NCC),T6TS,Gas,STREX,CAT,PM10,1.7519423235655588e-06
2017,July,San Benito (NCC),T6TS,Gas,STREX,CAT,PM2_5,1.610846297506587e-06
2017,July,San Benito (NCC),T6TS,Gas,STREX,CAT,SOx,5.936308094780804e-07
2017,July,San Benito (NCC),T6TS,Gas,STREX,CAT,TOG,0.0004774072949757577
2017,July,San Benito (NCC),T6TS,Gas,STREX,NCAT,CO,0.00015919219579767511
2017,July,San Benito (NCC),T6TS,Gas,STREX,NCAT,NOx,4.69500241241516e-05
2017,July,San Benito (NCC),T6TS,Gas,STREX,NCAT,PM,1.945660292807404e-06
2017,July,San Benito (NCC),T6TS,Gas,STREX,NCAT,PM10,1.8697795413879153e-06
2017,July,San Benito (NCC),T6TS,Gas,STREX,NCAT,PM2_5,1.7841704885043896e-06
2017,July,San Benito (NCC),T6TS,Gas,STREX,NCAT,SOx,1.7951297699111176e-07
2017,July,San Benito (NCC),T6TS,Gas,STREX,NCAT,TOG,0.00047044550175980016
2017,July,San Benito (NCC),T7IS,Gas,DIURN,CAT,TOG,2.472928200038171e-05
2017,July,San Benito (NCC),T7IS,Gas,HOTSOAK,CAT,TOG,6.712791451737738e-06
2017,July,San Benito (NCC),T7IS,Gas,PMBW,CAT,PM,4.361022534560484e-06
2017,July,San Benito (NCC),T7IS,Gas,PMBW,CAT,PM10,4.361022534560484e-06
2017,July,San Benito (NCC),T7IS,Gas,PMBW,CAT,PM2_5,1.526357887096169e-06
2017,July,San Benito (NCC),T7IS,Gas,PMTW,CAT,PM,7.397415625140045e-07
2017,July,San Benito (NCC),T7IS,Gas,PMTW,CAT,PM10,7.397415625140045e-07
2017,July,San Benito (NCC),T7IS,Gas,PMTW,CAT,PM2_5,1.8493539062850111e-07
2017,July,San Benito (NCC),T7IS,Gas,RUNEX,CAT,CO,0.013122693986902752
2017,July,San Benito (NCC),T7IS,Gas,RUNEX,CAT,NH3,5.54806012877578e-07
2017,July,San Benito (NCC),T7IS,Gas,RUNEX,CAT,NOx,0.0004170147275258902
2017,July,San Benito (NCC),T7IS,Gas,RUNEX,CAT,PM,6.52619932437945e-07
2017,July,San Benito (NCC),T7IS,Gas,RUNEX,CAT,PM10,5.834422195995231e-07
2017,July,San Benito (NCC),T7IS,Gas,RUNEX,CAT,PM2_5,5.364535844639909e-07
2017,July,San Benito (NCC),T7IS,Gas,RUNEX,CAT,SOx,1.136520768010874e-06
2017,July,San Benito (NCC),T7IS,Gas,RUNEX,CAT,TOG,0.00046599871480124794
2017,July,San Benito (NCC),T7IS,Gas,RUNLOSS,CAT,TOG,5.7347215312138824e-05
2017,July,San Benito (NCC),T7IS,Gas,STREX,CAT,CO,0.0
2017,July,San Benito (NCC),T7IS,Gas,STREX,CAT,NOx,0.0
2017,July,San Benito (NCC),T7IS,Gas,STREX,CAT,PM,1.4219643990715674e-07
2017,July,San Benito (NCC),T7IS,Gas,STREX,CAT,PM10,1.2712361727699812e-07
2017,July,San Benito (NCC),T7IS,Gas,STREX,CAT,PM2_5,1.1688547360368283e-07
2017,July,San Benito (NCC),T7IS,Gas,STREX,CAT,SOx,1.8283324744824945e-08
2017,July,San Benito (NCC),T7IS,Gas,STREX,CAT,TOG,0.0
2017,July,San Benito (NCC),UBUS,Dsl,PMBW,DSL,PM,1.6136367672085725e-05
2017,July,San Benito (NCC),UBUS,Dsl,PMBW,DSL,PM10,1.6136367672085725e-05
2017,July,San Benito (NCC),UBUS,Dsl,PMBW,DSL,PM2_5,5.647728685230007e-06
2017,July,San Benito (NCC),UBUS,Dsl,PMTW,DSL,PM,2.045696532095201e-06
2017,July,San Benito (NCC),UBUS,Dsl,PMTW,DSL,PM10,2.045696532095201e-06
2017,July,San Benito (NCC),UBUS,Dsl,PMTW,DSL,PM2_5,5.114241330238002e-07
2017,July,San Benito (NCC),UBUS,Dsl,RUNEX,DSL,CO,1.6925366606793762e-05
2017,July,San Benito (NCC),UBUS,Dsl,RUNEX,DSL,NH3,1.5498998543353153e-05
2017,July,San Benito (NCC),UBUS,Dsl,RUNEX,DSL,NOx,9.239874506563273e-05
2017,July,San Benito (NCC),UBUS,Dsl,RUNEX,DSL,PM,1.0276045587542891e-06
2017,July,San Benito (NCC),UBUS,Dsl,RUNEX,DSL,PM10,1.0214389314017636e-06
2017,July,San Benito (NCC),UBUS,Dsl,RUNEX,DSL,PM2_5,9.77251935375329e-07
2017,July,San Benito (NCC),UBUS,Dsl,RUNEX,DSL,SOx,1.5512100843505306e-06
2017,July,San Benito (NCC),UBUS,Dsl,RUNEX,DSL,TOG,1.1112728939614263e-05
2017,July,San Benito (NCC),UBUS,Elec,PMBW,ELEC,PM,6.421559145842427e-08
2017,July,San Benito (NCC),UBUS,Elec,PMBW,ELEC,PM10,6.421559145842427e-08
2017,July,San Benito (NCC),UBUS,Elec,PMBW,ELEC,PM2_5,2.247545701044849e-08
2017,July,San Benito (NCC),UBUS,Elec,PMTW,ELEC,PM,2.3264376753326896e-08
2017,July,San Benito (NCC),UBUS,Elec,PMTW,ELEC,PM10,2.3264376753326896e-08
2017,July,San Benito (NCC),UBUS,Elec,PMTW,ELEC,PM2_5,5.816094188331724e-09
2017,July,San Benito (NCC),UBUS,Gas,DIURN,CAT,TOG,1.222374003515254e-05
2017,July,San Benito (NCC),UBUS,Gas,HOTSOAK,CAT,TOG,3.258556588122722e-06
2017,July,San Benito (NCC),UBUS,Gas,PMBW,CAT,PM,0.00017289306459431568
2017,July,San Benito (NCC),UBUS,Gas,PMBW,CAT,PM10,0.00017289306459431568
2017,July,San Benito (NCC),UBUS,Gas,PMBW,CAT,PM2_5,6.051257260801049e-05
2017,July,San Benito (NCC),UBUS,Gas,PMTW,CAT,PM,1.827538284206792e-05
2017,July,San Benito (NCC),UBUS,Gas,PMTW,CAT,PM10,1.827538284206792e-05
2017,July,San Benito (NCC),UBUS,Gas,PMTW,CAT,PM2_5,4.56884571051698e-06
2017,July,San Benito (NCC),UBUS,Gas,RUNEX,CAT,CO,0.0005526852203170993
2017,July,San Benito (NCC),UBUS,Gas,RUNEX,CAT,NH3,7.309101356146031e-05
2017,July,San Benito (NCC),UBUS,Gas,RUNEX,CAT,NOx,0.0002464174477822465
2017,July,San Benito (NCC),UBUS,Gas,RUNEX,CAT,PM,3.0059938357036924e-06
2017,July,San Benito (NCC),UBUS,Gas,RUNEX,CAT,PM10,2.6873584891191017e-06
2017,July,San Benito (NCC),UBUS,Gas,RUNEX,CAT,PM2_5,2.470926932948435e-06
2017,July,San Benito (NCC),UBUS,Gas,RUNEX,CAT,SOx,3.363392921571419e-05
2017,July,San Benito (NCC),UBUS,Gas,RUNEX,CAT,TOG,4.700732406995883e-05
2017,July,San Benito (NCC),UBUS,Gas,RUNLOSS,CAT,TOG,7.446246482121482e-06
2017,July,San Benito (NCC),UBUS,Gas,STREX,CAT,CO,0.0008003698198569115
2017,July,San Benito (NCC),UBUS,Gas,STREX,CAT,NOx,6.527390036875417e-05
2017,July,San Benito (NCC),UBUS,Gas,STREX,CAT,PM,6.491747606265335e-08
2017,July,San Benito (NCC),UBUS,Gas,STREX,CAT,PM10,5.803622360001209e-08
2017,July,San Benito (NCC),UBUS,Gas,STREX,CAT,PM2_5,5.336216532350105e-08
2017,July,San Benito (NCC),UBUS,Gas,STREX,CAT,SOx,8.585444482450757e-08
2017,July,San Benito (NCC),UBUS,Gas,STREX,CAT,TOG,3.968964482687086e-05
2017,July,San Benito (NCC),UBUS,NG,PMBW,CAT,PM,5.249429575453324e-05
2017,July,San Benito (NCC),UBUS,NG,PMBW,CAT,PM10,5.249429575453324e-05
2017,July,San Benito (NCC),UBUS,NG,PMBW,CAT,PM2_5,1.8373003514086637e-05
2017,July,San Benito (NCC),UBUS,NG,PMTW,CAT,PM,6.430488481422064e-06
2017,July,San Benito (NCC),UBUS,NG,PMTW,CAT,PM10,6.430488481422064e-06
2017,July,San Benito (NCC),UBUS,NG,PMTW,CAT,PM2_5,1.607622120355516e-06
2017,July,San Benito (NCC),UBUS,NG,RUNEX,CAT,CO,0.0040999446103614275
2017,July,San Benito (NCC),UBUS,NG,RUNEX,CAT,NH3,0.0004760307985990784
2017,July,San Benito (NCC),UBUS,NG,RUNEX,CAT,NOx,0.00022299453520936707
2017,July,San Benito (NCC),UBUS,NG,RUNEX,CAT,PM,9.903965076107129e-07
2017,July,San Benito (NCC),UBUS,NG,RUNEX,CAT,PM10,9.844541285650486e-07
2017,July,San Benito (NCC),UBUS,NG,RUNEX,CAT,PM2_5,9.41867078737788e-07
2017,July,San Benito (NCC),UBUS,NG,RUNEX,CAT,TOG,0.0004829154308504781
